HUG001,X3SX4H33.DTA,L,false,84.0,-43.68,-25.40,-17.51,-12.34,-12.24,-16.29,-8.13,-2.18,0.24,-1.02,-9.01,-11.57,-4.83,-5.14,-7.04,-6.10,-3.50,-2.00,-1.64,-3.40,-8.20,-7.82,-4.64,-6.57,-5.78,0.69,2.71,1.30,-6.15,-6.15,2.64,5.07,5.18,4.25,2.90,0.89,-2.23,-5.04,-4.22,-2.17,-1.90,-3.71,-7.43,-14.23,-15.71,-8.64,-4.22,-0.92,1.46,2.95,3.75,4.10,3.96,3.02,0.78,-3.07,-8.60,-11.05,-7.37,-5.75,-4.72,-2.18,0.42,1.66,1.46,0.38,-0.86,-2.01,-3.90,-7.83,-16.54,-20.19,-12.93,-12.01,-12.12,-9.76,-7.55,-6.48,-6.52,-8.22,-12.77,-17.37,-15.58,-18.72,-35.85,-19.46,-16.95,-14.23,-9.83,-8.04,-9.04,-11.68,-12.72,-12.21,-12.31,-12.33,-12.68,-14.02,-15.93,-18.46,-23.35,-26.43,-16.00,-11.62,-9.82,-9.52,-10.36,-12.27,-15.52,-20.29,-18.15,-13.93,-12.42,-13.07,-15.16,-16.11,-17.77,-27.04,-26.09,-21.19,-23.70,-25.08,-18.10,-16.04,-17.70,-20.96,-22.67,-21.75,-20.01,-19.49,-19.03,-18.45,-20.01,-25.04,-32.37,-33.59,-46.68,-28.09,-21.73,-20.55,-21.50,-21.53,-20.25,-20.42,-23.22,-28.47,-38.96,-35.55,-32.95,-37.88,-26.10,-20.26,-17.20,-16.51,-19.39,-28.25,-23.80,-19.91,-20.52,-22.79,-20.12,-18.11,-18.17,-20.03,-22.59,-25.08,-35.17,-25.61,-21.33,-21.03,-22.93,-26.47,-29.20,-33.87,-35.89,-29.24,-26.10,-26.59,-32.55,-46.39,-36.05,-27.00,-23.00,-21.38,-21.97,-24.01,-22.31,-19.77,-18.80,-18.98,-19.13,-18.83,-18.86,-19.86,-21.86,-22.94,-25.39,-37.07,-28.07,-22.45,-20.35,-19.94,-20.53,-22.37,-26.85,-37.04,-28.54,-25.31,-24.51,-22.96,-21.69,-22.26,-25.87,-32.92,-40.17,-53.08,-45.14,-36.12,-33.51,-37.22,-44.17,-27.94,-23.13,-23.09,-27.61,-40.10,-28.21,-24.71,-26.87,-30.60,-25.18,-22.26,-21.47,-23.32,-30.02,-45.79,-33.45,-34.59,-44.18,-27.04,-22.84,-22.53,-24.48,-27.80,-32.93,-48.66,-30.40,-26.59,-27.62,-33.97,-40.90,-29.53,-26.86,-27.35,-30.20,-36.12,-48.38
HUG001,X3SX4H36.DTA,R,false,84.2,-41.72,-29.74,-23.38,-19.76,-21.37,-24.29,-18.42,-15.34,-15.11,-14.68,-16.68,-19.37,-10.37,-6.72,-4.77,-2.57,0.01,2.51,4.55,5.26,3.98,0.40,-4.71,-5.83,-5.39,-4.23,-2.81,-2.67,-0.27,3.55,5.50,5.58,4.35,1.80,-2.37,-4.20,-1.45,-0.49,-0.14,1.36,2.57,3.91,5.37,5.55,3.05,-1.91,3.84,8.33,10.18,10.45,9.65,8.15,6.31,4.33,2.14,-0.46,-3.59,-7.96,-16.96,-19.10,-10.58,-6.80,-4.39,-3.20,-3.51,-5.47,-8.48,-9.27,-8.59,-10.78,-21.84,-15.10,-7.85,-5.09,-4.46,-5.67,-8.97,-7.04,-1.58,1.17,1.59,-0.22,-3.65,-3.08,-0.53,-0.31,-2.66,-7.05,-9.13,-10.43,-16.07,-12.95,-10.30,-13.66,-10.61,-4.67,-3.34,-6.01,-15.54,-13.76,-9.81,-11.13,-8.79,-6.19,-7.76,-10.64,-4.19,-0.51,0.05,-1.83,-4.97,-5.97,-5.97,-7.59,-8.98,-8.37,-9.30,-14.58,-15.83,-9.33,-7.47,-8.15,-9.85,-10.83,-11.43,-12.82,-14.64,-15.99,-15.91,-14.85,-14.86,-17.67,-25.97,-26.92,-21.14,-21.51,-29.63,-27.97,-21.34,-19.94,-20.96,-22.66,-22.10,-24.30,-34.28,-22.93,-16.99,-15.14,-16.78,-22.37,-22.57,-17.01,-16.03,-19.12,-24.04,-18.89,-14.86,-13.00,-12.23,-12.81,-15.97,-25.54,-24.83,-17.74,-17.30,-22.97,-25.83,-16.47,-13.48,-13.22,-14.53,-15.08,-13.91,-13.09,-13.46,-14.54,-15.44,-16.67,-20.41,-32.06,-21.39,-16.79,-15.47,-16.02,-18.22,-20.28,-18.40,-15.81,-15.15,-16.77,-21.54,-29.51,-21.40,-17.91,-17.38,-19.45,-26.59,-30.45,-22.42,-21.35,-25.77,-30.16,-20.96,-18.18,-18.76,-23.87,-35.94,-21.38,-17.31,-16.04,-16.56,-18.43,-22.00,-31.74,-27.48,-19.93,-17.40,-17.00,-18.16,-20.66,-23.03,-24.06,-25.40,-27.41,-29.07,-27.56,-23.27,-19.23,-16.91,-16.60,-18.50,-22.26,-24.15,-26.52,-39.23,-22.76,-18.06,-17.80,-21.90,-31.28,-23.88,-20.91,-21.16,-23.28,-26.31,-31.78,-30.08,-26.11,-25.23,-22.31,-19.15,-17.97,-19.32,-24.21,-37.36,-32.90,-29.92
HUG001,X3SX4H35.DTA,R,false,83.4,-57.93,-32.97,-24.62,-18.68,-12.78,-8.23,-5.27,-4.02,-4.86,-6.57,-5.49,-4.78,-5.92,-5.74,-3.75,-2.92,-3.82,-4.98,-3.79,-0.97,0.98,1.10,-0.06,1.76,5.54,7.29,6.32,0.92,-9.76,4.38,7.62,7.50,4.88,-0.43,-7.87,-10.97,-6.81,-1.56,1.45,2.49,1.99,1.40,1.79,1.68,-1.37,-11.76,1.08,6.77,9.41,10.42,10.24,9.06,7.12,4.82,2.64,0.91,-0.47,-2.01,-4.41,-7.90,-10.11,-7.24,-3.65,-1.71,-1.89,-4.73,-11.55,-10.05,-6.23,-7.36,-14.33,-12.54,-6.92,-5.66,-5.72,-4.04,-1.67,-0.59,-1.39,-3.85,-4.61,-2.12,-0.70,-1.46,-4.45,-5.92,-2.56,-0.68,-1.45,-5.41,-14.54,-19.63,-31.08,-11.58,-4.29,-1.76,-2.37,-5.98,-9.71,-7.72,-7.67,-11.65,-13.32,-8.29,-5.90,-5.09,-5.35,-6.70,-7.40,-5.63,-4.28,-4.59,-5.97,-6.70,-6.70,-7.81,-10.83,-14.26,-13.54,-12.92,-15.04,-21.35,-36.30,-22.72,-21.78,-24.60,-26.43,-25.27,-21.95,-17.99,-15.63,-15.31,-16.11,-16.42,-16.37,-17.30,-21.07,-26.97,-22.82,-22.35,-28.32,-29.92,-19.40,-15.83,-15.19,-16.51,-19.65,-25.13,-30.08,-28.46,-25.50,-24.39,-25.43,-28.08,-25.80,-22.07,-21.54,-24.26,-27.57,-20.67,-16.86,-16.30,-18.40,-23.08,-23.88,-21.93,-24.76,-29.03,-22.42,-20.16,-22.69,-31.44,-24.81,-23.09,-27.03,-31.25,-23.70,-21.55,-22.03,-22.01,-21.15,-21.75,-25.55,-31.41,-27.78,-25.53,-25.59,-24.75,-22.36,-21.80,-24.34,-33.36,-31.28,-28.30,-31.89,-24.43,-19.99,-18.58,-18.08,-17.06,-16.66,-18.44,-24.17,-33.46,-22.74,-20.10,-20.84,-23.85,-27.54,-28.22,-29.55,-32.30,-25.16,-21.96,-21.22,-21.28,-20.99,-20.61,-22.29,-27.54,-27.45,-22.03,-20.18,-20.90,-23.13,-26.18,-32.45,-40.20,-28.27,-25.74,-24.65,-22.42,-20.82,-21.36,-23.61,-23.79,-22.36,-22.60,-26.21,-36.37,-25.97,-21.68,-20.58,-21.31,-22.30,-22.02,-22.13,-24.51,-31.70,-36.87,-30.48,-29.46,-28.37,-27.23,-28.35,-33.43,-45.24
HUG001,X3SX4H37.DTA,R,false,84.2,-54.19,-30.58,-24.03,-22.23,-20.23,-13.57,-8.50,-6.67,-9.03,-18.86,-3.51,0.38,-0.07,-4.71,-14.88,-2.75,1.69,3.69,4.42,3.67,1.51,-0.03,1.15,2.35,2.17,0.87,-0.76,-0.96,2.02,5.37,7.33,7.96,7.52,6.06,3.46,0.03,-3.13,-6.33,-9.60,-5.10,-0.71,3.13,5.95,6.95,5.39,-0.12,1.13,7.07,9.54,10.06,9.27,7.44,4.54,0.38,-5.02,-10.36,-13.26,-13.06,-15.43,-17.62,-10.13,-7.24,-6.35,-3.28,-0.27,0.08,-3.24,-6.32,0.41,3.59,3.95,2.12,-2.14,-10.80,-8.46,-2.67,-0.17,0.62,0.38,0.48,1.52,1.76,-0.37,-4.88,-2.83,-0.06,-0.93,-6.32,-12.93,-6.98,-7.14,-12.20,-16.98,-12.40,-8.37,-5.98,-6.50,-11.51,-23.26,-13.45,-13.96,-16.16,-8.64,-5.55,-5.35,-5.96,-5.74,-5.46,-4.98,-3.32,-2.16,-2.82,-5.03,-5.33,-3.49,-3.10,-4.48,-6.54,-7.90,-9.97,-15.96,-18.32,-10.53,-8.24,-9.41,-13.99,-17.19,-13.49,-14.24,-25.16,-16.13,-9.66,-8.09,-9.79,-15.01,-19.52,-14.63,-12.68,-13.00,-14.80,-19.24,-27.22,-17.89,-12.61,-9.89,-9.01,-9.68,-11.94,-16.02,-16.54,-13.20,-11.74,-12.43,-16.11,-25.75,-19.04,-14.20,-13.29,-15.22,-16.82,-13.97,-12.71,-14.89,-19.85,-15.48,-12.34,-12.65,-16.05,-22.97,-22.14,-18.42,-17.86,-20.15,-27.98,-26.04,-19.01,-16.61,-16.10,-17.41,-19.85,-18.57,-15.89,-14.99,-16.51,-20.36,-22.91,-22.36,-21.37,-19.24,-16.94,-16.49,-19.61,-33.17,-23.99,-19.56,-21.49,-44.80,-19.88,-14.26,-12.07,-12.16,-14.82,-21.05,-21.09,-16.12,-15.01,-17.04,-23.13,-32.96,-23.10,-20.29,-19.58,-18.64,-17.59,-17.24,-17.61,-18.15,-17.96,-17.05,-16.74,-18.22,-21.39,-19.83,-15.19,-12.55,-11.79,-12.79,-16.32,-27.05,-23.39,-18.10,-17.66,-17.38,-15.67,-15.69,-20.36,-27.34,-17.51,-15.28,-16.32,-16.91,-14.82,-13.74,-14.49,-16.74,-19.51,-20.63,-19.98,-19.96,-21.77,-25.04,-26.16,-24.11,-21.93,-19.89,-18.36,-17.79
HUG001,X3SX4H31.DTA,L,false,84.0,-29.89,-28.88,-16.45,-14.41,-11.79,-7.73,-6.01,-7.57,-13.78,-8.94,-7.40,-10.72,-13.23,-13.63,-10.96,-9.26,-7.77,-4.25,-2.36,-5.07,-10.09,-3.38,-1.20,-3.20,-3.31,1.41,2.62,0.55,-7.09,-8.98,0.04,2.32,2.90,3.68,4.37,3.67,1.22,-1.38,0.03,2.09,1.84,-0.92,-6.61,-19.03,-17.96,-7.91,-1.72,1.61,2.92,2.81,2.39,2.97,3.83,3.81,2.34,-0.81,-6.33,-22.02,-12.36,-7.71,-5.49,-2.63,-0.16,0.91,0.65,-0.42,-1.89,-4.05,-7.04,-8.79,-9.01,-10.69,-13.35,-10.90,-9.48,-11.79,-12.97,-10.31,-10.00,-12.55,-14.84,-13.53,-15.47,-21.24,-19.46,-20.75,-17.20,-10.31,-8.30,-11.00,-13.85,-7.04,-3.89,-3.69,-5.93,-10.04,-16.15,-22.48,-11.91,-8.25,-8.01,-11.50,-22.62,-13.28,-10.24,-12.56,-20.20,-11.91,-7.71,-7.35,-9.71,-14.32,-21.35,-24.51,-19.05,-17.69,-16.58,-13.35,-11.94,-12.84,-15.80,-20.07,-21.42,-21.79,-22.77,-22.60,-23.41,-30.62,-30.68,-22.99,-21.38,-22.04,-23.94,-27.92,-35.21,-25.70,-22.37,-22.19,-23.36,-22.51,-24.35,-29.22,-19.35,-16.52,-17.53,-20.39,-17.57,-15.00,-15.25,-16.28,-17.12,-21.06,-34.21,-17.60,-14.63,-16.57,-25.47,-22.70,-16.86,-16.70,-20.18,-26.12,-29.24,-27.17,-25.08,-23.96,-25.58,-32.29,-32.71,-21.77,-16.52,-13.94,-13.89,-16.67,-22.56,-24.21,-20.33,-19.23,-19.78,-20.28,-20.50,-21.47,-23.38,-25.14,-27.22,-35.30,-32.05,-26.60,-27.15,-24.75,-20.82,-18.93,-20.10,-23.41,-21.15,-19.58,-20.66,-23.00,-22.92,-21.62,-23.57,-25.54,-23.78,-23.87,-24.38,-23.48,-24.34,-27.55,-22.70,-19.05,-18.60,-21.91,-28.28,-22.34,-19.51,-19.27,-21.17,-25.03,-27.46,-26.93,-27.47,-32.16,-34.23,-24.90,-20.66,-18.60,-18.44,-20.14,-22.41,-22.46,-21.09,-20.64,-20.54,-20.68,-22.67,-28.60,-30.87,-21.01,-17.68,-17.34,-19.33,-25.31,-38.32,-28.94,-29.28,-29.19,-22.28,-18.87,-19.04,-21.83,-26.02,-29.21,-30.08,-26.30,-22.55,-21.42,-21.41
HUG001,X3SX4H32.DTA,L,false,84.0,-31.12,-27.97,-17.52,-12.63,-9.64,-9.09,-12.16,-17.48,-7.22,-4.63,-9.47,-10.90,-3.84,-2.47,-2.67,-2.56,-1.30,-1.43,-4.51,-9.33,-6.19,-3.12,-2.58,-5.44,-5.60,0.58,2.65,1.85,-2.16,-11.86,-3.09,0.50,1.47,1.99,2.49,2.14,0.68,-1.60,-2.50,-0.34,0.80,0.10,-2.35,-7.79,-24.26,-10.78,-5.21,-1.82,0.75,2.57,3.50,3.52,2.66,0.81,-2.23,-5.98,-8.98,-11.56,-19.41,-11.62,-3.73,0.12,1.54,0.79,-1.47,-2.35,-1.06,-0.94,-3.55,-11.36,-17.59,-8.06,-6.32,-8.18,-13.81,-18.10,-15.26,-11.92,-8.11,-5.62,-4.94,-5.94,-7.76,-8.75,-8.61,-8.27,-8.26,-8.51,-7.55,-5.07,-3.31,-3.24,-5.22,-10.18,-18.30,-15.35,-14.47,-15.27,-14.00,-13.04,-14.60,-18.66,-24.61,-24.16,-13.87,-9.93,-9.01,-10.58,-15.70,-26.05,-17.21,-13.26,-12.03,-12.84,-15.86,-17.85,-15.79,-15.28,-16.06,-16.27,-15.18,-14.13,-15.11,-19.19,-25.88,-26.93,-21.77,-16.85,-14.18,-14.11,-15.29,-16.06,-17.45,-19.56,-22.45,-23.63,-21.92,-20.08,-20.15,-23.86,-32.13,-37.48,-28.42,-31.03,-25.49,-20.84,-19.59,-20.76,-27.62,-26.90,-19.60,-15.60,-13.75,-13.50,-14.61,-18.68,-28.17,-22.48,-19.24,-20.70,-31.19,-24.30,-19.12,-18.35,-20.54,-26.94,-27.35,-22.98,-22.36,-24.87,-38.53,-26.21,-20.28,-18.99,-20.03,-23.36,-32.34,-35.81,-31.81,-33.99,-33.65,-29.28,-27.41,-28.87,-36.10,-31.66,-22.69,-20.28,-20.32,-21.78,-25.66,-30.38,-34.39,-28.49,-24.61,-23.90,-23.81,-24.48,-29.96,-31.41,-21.88,-18.58,-18.05,-20.39,-22.59,-20.71,-20.25,-22.05,-27.87,-36.75,-33.26,-33.64,-26.17,-21.07,-18.40,-18.34,-21.33,-29.75,-32.73,-23.15,-21.01,-21.36,-21.58,-22.48,-25.34,-30.21,-38.96,-36.83,-38.41,-33.67,-28.66,-25.95,-23.95,-23.81,-26.34,-29.80,-29.67,-26.62,-25.87,-30.16,-32.18,-28.01,-26.44,-26.75,-29.90,-34.20,-34.40,-33.45,-38.96,-28.77,-22.68,-20.09,-19.84,-21.86,-24.89,-25.28,-24.72
HUG001,X3SX4H34.DTA,L,false,84.5,-32.26,-26.81,-15.94,-13.40,-12.96,-8.70,-5.08,-3.59,-4.53,-7.37,-11.19,-23.61,-15.64,-12.74,-9.73,-5.13,-1.52,0.46,-0.37,-6.43,-7.94,-0.46,1.29,-1.47,-10.54,-0.74,2.38,1.41,-4.20,-7.28,0.73,3.19,3.53,3.16,2.13,-0.52,-5.34,-6.48,-2.67,-0.50,-0.52,-2.41,-6.18,-15.53,-11.85,-3.75,-0.21,1.82,3.21,3.96,3.83,2.83,1.37,0.02,-1.07,-2.31,-4.15,-7.56,-13.31,-8.55,-3.47,-0.52,1.15,1.65,0.96,-0.87,-3.29,-4.75,-5.57,-8.17,-14.50,-30.79,-21.82,-24.15,-23.24,-19.61,-15.75,-9.65,-6.21,-5.37,-7.16,-11.53,-14.60,-13.88,-12.40,-10.78,-10.09,-9.76,-8.39,-7.34,-7.78,-8.54,-7.97,-7.14,-7.12,-7.46,-7.10,-6.39,-6.97,-10.41,-22.89,-13.45,-8.18,-7.71,-10.08,-12.26,-10.68,-9.88,-12.43,-20.82,-15.90,-11.92,-12.01,-14.68,-18.61,-23.76,-26.11,-18.17,-15.35,-14.72,-15.27,-15.37,-14.47,-14.64,-16.59,-19.95,-23.89,-28.30,-32.43,-21.96,-17.75,-16.55,-17.65,-22.61,-21.92,-17.70,-17.07,-19.17,-28.47,-24.70,-17.89,-15.50,-14.98,-16.55,-20.50,-26.82,-31.71,-29.00,-29.92,-34.64,-33.15,-26.75,-22.06,-19.38,-19.71,-23.51,-31.09,-40.40,-35.09,-28.54,-22.58,-21.19,-22.37,-24.06,-27.46,-31.22,-32.43,-27.24,-25.64,-23.10,-18.46,-15.95,-16.10,-20.42,-38.29,-22.26,-19.40,-19.77,-20.23,-19.43,-19.85,-22.34,-26.24,-30.56,-31.39,-29.63,-29.01,-34.19,-36.79,-25.25,-20.86,-19.90,-22.97,-34.80,-31.09,-24.95,-24.68,-28.06,-27.10,-26.28,-26.71,-27.90,-32.43,-38.57,-33.76,-29.01,-27.18,-24.64,-24.37,-26.83,-32.65,-46.84,-34.24,-31.57,-25.13,-22.60,-22.58,-24.79,-29.58,-28.65,-28.71,-34.50,-45.24,-32.51,-27.44,-26.86,-32.87,-32.62,-25.35,-23.05,-23.47,-25.86,-26.45,-25.96,-26.74,-27.56,-25.87,-24.85,-25.91,-30.70,-35.44,-25.15,-22.74,-23.75,-27.96,-32.48,-25.78,-24.02,-26.11,-27.99,-24.74,-21.99,-22.19,-25.90,-33.00,-38.64,-40.52
HUG002,X3SX4H38.DTA,L,false,84.2,-40.21,-29.68,-22.13,-15.02,-12.73,-10.28,-3.49,1.07,2.12,-1.83,-10.02,4.02,9.31,11.56,11.41,8.63,1.55,0.71,5.96,6.54,3.98,0.31,3.53,6.68,6.92,4.23,-2.34,-16.26,-5.70,-3.63,-3.26,-0.87,1.48,1.15,-2.43,0.64,5.81,8.00,7.87,5.96,3.47,2.23,1.80,0.87,-0.51,-2.09,-3.08,-2.25,-1.27,-1.67,-3.97,-8.21,-12.81,-14.75,-13.71,-10.90,-8.76,-8.38,-9.48,-12.11,-17.44,-16.65,-11.44,-9.04,-8.38,-8.88,-10.15,-11.69,-12.12,-11.20,-11.22,-13.57,-16.01,-13.81,-12.15,-12.94,-15.25,-14.53,-12.34,-12.10,-14.77,-20.18,-24.99,-22.65,-16.81,-12.60,-10.75,-10.62,-11.90,-16.21,-26.83,-19.02,-16.19,-17.35,-18.30,-14.82,-11.58,-9.43,-8.54,-9.48,-12.85,-19.18,-25.55,-19.85,-13.73,-10.50,-9.89,-11.58,-14.88,-17.34,-17.47,-18.09,-19.28,-19.23,-18.03,-16.16,-13.59,-11.67,-10.84,-11.10,-12.39,-12.76,-12.53,-15.04,-24.02,-17.07,-12.10,-12.56,-20.70,-19.25,-11.26,-9.55,-11.52,-16.55,-15.23,-12.11,-11.93,-15.08,-23.87,-19.68,-14.92,-14.14,-16.50,-23.17,-44.48,-26.69,-24.75,-27.72,-32.96,-26.53,-25.12,-31.45,-28.17,-18.29,-14.67,-13.99,-15.35,-18.68,-24.46,-29.74,-25.84,-20.51,-16.99,-14.92,-14.11,-14.78,-16.49,-18.22,-20.78,-23.58,-20.38,-16.42,-14.99,-16.06,-18.80,-22.60,-26.23,-24.85,-22.94,-22.66,-23.71,-23.65,-23.59,-26.57,-36.26,-27.27,-23.24,-23.51,-26.12,-31.18,-38.01,-31.47,-26.84,-23.89,-22.95,-22.84,-22.87,-23.55,-24.46,-24.81,-24.79,-24.87,-25.08,-25.53,-26.97,-30.87,-31.24,-25.98,-23.75,-23.60,-25.27,-30.11,-40.94,-36.86,-31.15,-29.58,-30.34,-25.76,-21.53,-19.29,-18.88,-20.40,-23.52,-28.16,-29.32,-25.21,-22.88,-21.77,-21.52,-21.53,-21.76,-23.72,-29.53,-24.83,-20.08,-19.28,-21.38,-24.49,-26.30,-35.47,-29.53,-23.37,-23.62,-25.46,-22.88,-23.34,-35.43,-26.71,-22.67,-22.29,-18.26,-15.62,-16.38,-20.66,-21.77,-18.33,-17.25
HUG002,X3SX4H42.DTA,R,false,84.0,-38.48,-41.86,-32.59,-21.01,-12.91,-11.58,-12.44,1.93,9.29,13.40,15.30,15.55,15.21,15.73,16.34,15.22,10.75,-1.74,4.28,5.67,2.48,6.81,10.11,10.33,8.69,7.13,8.27,10.70,12.50,13.52,13.96,13.83,13.14,12.06,10.99,10.90,11.70,11.72,9.76,6.01,7.49,11.00,12.29,11.73,9.91,7.52,5.38,3.91,2.67,0.77,-1.96,-4.12,-5.81,-8.42,-6.61,-2.45,0.24,1.51,1.17,-1.43,-7.67,-8.10,-3.49,-2.72,-4.67,-9.00,-12.84,-9.17,-5.69,-4.61,-6.11,-10.41,-12.01,-8.41,-6.88,-6.39,-6.23,-7.25,-8.36,-6.25,-4.30,-4.74,-8.07,-15.21,-16.75,-10.42,-6.62,-4.92,-5.19,-6.29,-5.77,-4.77,-5.48,-8.78,-13.64,-10.33,-6.47,-4.62,-4.25,-5.04,-6.49,-7.16,-6.27,-5.37,-5.43,-6.61,-8.93,-12.37,-15.78,-14.76,-11.92,-10.33,-10.11,-11.25,-13.81,-15.64,-13.51,-12.24,-14.43,-24.39,-16.77,-11.81,-12.19,-18.63,-23.59,-13.65,-11.32,-10.87,-9.89,-8.55,-7.78,-7.61,-8.06,-9.25,-11.08,-12.87,-14.88,-19.76,-27.81,-20.01,-19.57,-25.40,-18.43,-13.79,-12.95,-14.69,-18.58,-22.31,-20.40,-15.87,-12.77,-12.38,-16.34,-22.51,-12.57,-9.67,-10.79,-15.70,-17.39,-15.26,-18.58,-41.53,-18.91,-14.83,-11.73,-9.04,-8.30,-10.21,-14.43,-13.46,-10.86,-11.12,-13.24,-14.14,-13.61,-14.67,-19.12,-35.68,-22.84,-18.80,-18.70,-18.72,-16.13,-13.68,-12.60,-12.91,-14.50,-17.07,-19.52,-19.70,-17.53,-15.66,-15.54,-17.90,-24.10,-31.95,-25.66,-24.03,-22.17,-18.93,-16.37,-15.05,-15.04,-16.41,-19.14,-21.93,-22.42,-20.75,-17.83,-15.60,-15.22,-17.49,-25.03,-27.45,-18.74,-16.24,-16.28,-17.11,-16.47,-15.57,-16.91,-23.45,-25.88,-16.82,-14.02,-13.93,-16.16,-22.00,-38.63,-23.39,-20.74,-22.40,-26.47,-23.87,-20.82,-20.51,-22.57,-25.98,-24.27,-19.31,-15.21,-12.25,-10.59,-10.41,-12.05,-16.53,-29.66,-22.13,-17.70,-18.22,-23.45,-27.21,-19.57,-17.16,-17.97,-22.41,-33.01
HUG002,X3SX4H43.DTA,R,false,84.5,-59.78,-43.67,-39.74,-25.04,-18.19,-14.20,-9.20,-3.76,0.55,4.17,7.44,10.00,11.51,12.00,11.66,10.61,8.52,4.85,1.93,4.42,6.30,6.20,4.67,2.91,4.06,7.79,10.94,12.96,14.08,14.53,14.35,13.59,12.47,11.38,10.69,10.52,10.26,8.78,5.80,7.34,11.73,14.06,14.46,13.25,10.82,7.89,4.96,1.15,-1.35,2.32,4.70,4.55,1.75,-4.99,-15.86,-9.80,-9.65,-8.86,-5.96,-3.49,-1.78,-1.35,-2.87,-7.06,-11.65,-7.60,-4.75,-3.87,-4.00,-4.55,-5.14,-5.59,-5.94,-6.58,-8.22,-11.46,-13.73,-11.12,-10.12,-13.79,-23.06,-9.41,-5.69,-6.27,-12.38,-11.84,-4.23,-1.45,-1.06,-2.35,-4.91,-6.81,-5.86,-4.85,-5.26,-6.64,-8.12,-10.44,-16.86,-22.28,-13.49,-13.08,-20.00,-14.85,-7.69,-4.71,-3.87,-4.82,-7.96,-14.31,-16.20,-13.15,-13.95,-14.89,-12.17,-10.95,-12.69,-15.11,-11.17,-7.60,-6.14,-6.38,-8.16,-11.54,-16.61,-23.96,-33.18,-19.35,-13.97,-11.34,-10.30,-10.50,-11.87,-14.39,-18.65,-31.84,-20.16,-12.44,-8.85,-7.57,-8.31,-11.28,-17.74,-41.63,-18.48,-13.71,-12.56,-15.18,-24.30,-14.55,-9.70,-8.62,-10.28,-14.83,-17.16,-12.90,-11.37,-13.06,-19.34,-27.84,-21.06,-26.12,-22.54,-13.44,-10.59,-11.00,-13.89,-14.98,-12.64,-12.22,-14.72,-20.94,-30.05,-28.64,-23.65,-19.13,-18.17,-20.30,-19.81,-16.03,-14.65,-15.86,-19.30,-23.20,-26.53,-48.72,-23.93,-17.93,-15.78,-15.56,-16.44,-18.05,-20.09,-20.54,-17.69,-14.67,-13.01,-12.88,-14.28,-16.10,-14.95,-12.75,-12.40,-14.47,-17.99,-17.56,-16.27,-17.71,-22.61,-31.15,-26.52,-22.98,-21.24,-18.79,-15.92,-14.41,-14.86,-16.62,-17.66,-18.83,-24.15,-23.06,-16.91,-15.84,-19.18,-27.53,-18.85,-14.78,-13.87,-15.01,-18.11,-24.58,-38.78,-22.21,-17.80,-16.90,-18.97,-21.80,-18.83,-16.79,-17.38,-19.00,-19.64,-21.07,-21.77,-18.07,-16.66,-19.94,-32.68,-18.10,-14.30,-14.39,-17.54,-24.69,-33.89,-28.01,-26.68
HUG002,X3SX4H40.DTA,L,false,83.4,-36.95,-32.92,-25.84,-17.49,-16.47,-18.70,-11.52,-8.29,-10.27,-9.22,-4.40,-5.87,-35.85,-3.78,-0.31,-2.91,-28.33,-3.18,-0.17,-1.41,-3.44,-1.68,2.28,5.60,7.22,6.88,4.24,-2.47,-13.68,-2.51,0.68,3.01,4.64,4.08,-0.06,-0.66,5.57,8.26,8.26,6.09,2.57,0.78,1.46,1.81,1.43,0.58,-0.55,-1.70,-3.11,-5.47,-8.43,-9.08,-8.77,-10.45,-15.79,-26.38,-16.58,-13.89,-13.41,-14.08,-16.22,-18.13,-17.15,-14.50,-13.78,-16.51,-22.03,-17.90,-14.28,-13.91,-15.95,-19.50,-23.47,-20.70,-15.15,-12.33,-11.53,-12.07,-13.41,-12.97,-11.29,-10.95,-12.50,-17.10,-26.37,-22.78,-21.58,-21.89,-19.14,-17.80,-19.87,-25.58,-41.39,-28.19,-21.26,-18.60,-19.97,-29.17,-19.59,-15.40,-15.98,-19.39,-16.75,-13.45,-13.78,-18.40,-36.29,-22.26,-19.67,-20.54,-19.05,-16.99,-16.93,-18.78,-22.06,-26.48,-33.54,-34.06,-29.16,-27.18,-26.82,-27.14,-24.51,-21.17,-19.38,-18.23,-16.79,-15.24,-14.88,-16.95,-22.34,-23.75,-19.66,-19.09,-22.43,-31.51,-28.32,-23.92,-22.08,-21.99,-25.48,-38.06,-25.42,-21.84,-21.97,-24.48,-26.25,-27.09,-29.75,-27.95,-27.53,-31.64,-33.44,-26.83,-24.59,-24.98,-25.79,-25.72,-25.60,-26.41,-29.99,-31.82,-27.89,-27.14,-27.40,-26.25,-25.31,-26.13,-27.39,-28.52,-30.51,-30.28,-26.95,-25.72,-27.49,-28.83,-27.23,-27.29,-33.18,-28.19,-21.59,-19.25,-19.23,-21.30,-24.99,-29.58,-35.23,-29.61,-25.85,-24.37,-24.93,-25.26,-24.23,-24.16,-25.31,-28.26,-31.34,-30.77,-29.70,-28.20,-27.26,-27.28,-28.14,-31.09,-41.61,-37.41,-31.52,-30.54,-34.81,-37.58,-27.49,-23.83,-22.95,-24.44,-27.97,-30.33,-29.76,-30.66,-36.10,-36.31,-29.08,-25.75,-24.69,-25.45,-27.35,-29.74,-33.63,-45.40,-37.48,-29.26,-25.57,-24.90,-27.73,-34.61,-34.64,-39.32,-32.79,-23.84,-21.48,-23.82,-32.43,-28.31,-26.94,-34.10,-28.66,-24.66,-27.30,-28.69,-23.41,-22.35,-22.09,-19.56,-18.18,-19.47,-22.43,-22.09,-20.92
HUG002,X3SX4H44.DTA,R,false,84.7,-41.93,-34.98,-41.64,-24.49,-16.78,-14.79,-24.86,-10.58,-2.91,-0.08,-0.36,-4.22,-18.17,-6.36,0.02,3.08,4.10,3.11,-0.39,-4.96,-1.80,0.62,-0.19,-7.38,-3.47,5.88,9.83,11.49,12.16,12.78,13.30,13.31,12.82,12.08,11.51,11.68,12.16,11.56,8.65,4.37,8.55,12.22,13.34,12.65,10.68,7.88,4.39,0.78,0.47,1.49,0.73,-1.19,-1.93,-2.09,-3.60,-5.77,-5.17,-3.26,-2.50,-3.36,-6.27,-12.68,-28.66,-18.67,-22.95,-18.80,-9.10,-5.18,-3.88,-4.70,-7.83,-13.94,-20.55,-19.72,-17.90,-12.93,-9.68,-8.52,-8.84,-10.35,-13.17,-18.35,-42.58,-17.56,-11.05,-8.19,-7.97,-11.29,-26.06,-13.22,-8.68,-8.70,-10.69,-9.45,-7.45,-7.95,-10.93,-13.31,-12.76,-14.82,-24.19,-23.28,-19.33,-18.72,-13.91,-11.24,-12.06,-16.93,-25.59,-22.49,-21.10,-14.89,-10.20,-8.34,-8.67,-10.69,-13.71,-16.45,-16.36,-13.64,-11.60,-10.91,-11.46,-13.28,-16.68,-21.47,-21.58,-18.24,-15.88,-14.01,-12.87,-13.33,-16.66,-28.89,-22.35,-16.92,-17.15,-22.19,-26.97,-20.84,-20.05,-23.37,-36.05,-27.80,-20.90,-18.21,-17.92,-19.64,-22.36,-22.10,-19.41,-17.76,-17.22,-17.31,-17.82,-18.86,-20.92,-24.95,-28.93,-27.75,-31.08,-34.36,-23.23,-19.77,-19.52,-21.01,-22.61,-22.90,-21.50,-19.08,-17.00,-16.15,-17.09,-20.16,-24.58,-26.50,-31.34,-32.25,-21.30,-17.79,-17.71,-21.07,-27.52,-24.27,-23.01,-26.29,-27.05,-25.20,-32.24,-25.52,-17.31,-14.20,-13.54,-14.57,-17.12,-21.67,-24.62,-20.60,-19.07,-21.00,-27.34,-26.82,-21.92,-20.02,-19.43,-20.06,-22.50,-27.10,-32.16,-32.40,-30.25,-29.14,-29.92,-32.68,-33.03,-30.45,-30.02,-32.07,-31.45,-25.02,-20.19,-17.36,-16.32,-17.06,-19.35,-20.88,-19.28,-18.36,-20.05,-25.71,-28.61,-22.91,-21.65,-23.53,-27.95,-30.47,-29.09,-29.75,-31.13,-30.88,-28.08,-22.83,-19.34,-18.10,-18.92,-21.79,-26.50,-30.70,-30.48,-27.49,-25.19,-25.52,-30.59,-41.29,-27.07,-23.20,-22.18
HUG002,X3SX4H39.DTA,L,false,84.7,-34.25,-34.19,-19.67,-17.26,-21.19,-12.45,-8.65,-9.37,-10.06,-10.44,-11.85,1.40,6.39,7.44,4.88,-1.51,2.00,3.96,0.23,-7.26,0.78,2.40,1.71,4.96,7.49,7.10,3.24,-8.21,-2.23,1.58,2.48,3.92,4.60,2.39,-0.93,4.87,8.68,9.84,8.92,6.09,1.74,-1.21,0.11,1.65,2.26,2.15,1.63,0.91,-0.11,-1.75,-4.31,-7.78,-11.60,-15.62,-21.57,-21.09,-14.87,-11.29,-9.78,-9.81,-9.96,-9.52,-9.58,-11.03,-15.72,-29.30,-15.14,-12.12,-12.75,-14.88,-12.84,-9.46,-8.32,-8.88,-10.64,-14.17,-21.30,-35.19,-21.46,-18.28,-17.29,-15.80,-15.02,-16.92,-24.32,-20.07,-16.29,-17.82,-17.19,-12.50,-10.72,-12.52,-19.44,-31.73,-22.79,-26.95,-19.93,-13.20,-11.22,-11.75,-14.08,-17.09,-18.26,-19.10,-18.23,-16.61,-17.87,-29.42,-19.47,-13.33,-12.29,-14.83,-20.43,-16.27,-13.57,-14.78,-20.44,-23.85,-17.45,-16.47,-18.46,-20.32,-19.80,-20.29,-23.92,-28.74,-25.89,-24.08,-26.34,-31.19,-30.83,-30.01,-24.32,-19.18,-15.88,-14.82,-16.45,-21.63,-25.97,-20.08,-18.45,-21.21,-31.84,-30.55,-24.04,-22.46,-22.24,-21.27,-19.39,-18.13,-18.69,-21.44,-24.21,-22.29,-20.62,-19.81,-17.47,-15.85,-16.60,-20.29,-24.59,-21.19,-20.56,-24.55,-38.04,-30.18,-26.34,-25.48,-24.88,-24.61,-24.04,-23.98,-25.36,-25.37,-21.38,-19.22,-20.22,-25.62,-40.55,-23.38,-18.92,-16.82,-16.11,-17.07,-20.74,-25.67,-20.67,-17.58,-16.72,-17.12,-18.36,-20.28,-24.03,-35.40,-27.60,-20.24,-17.11,-16.59,-19.22,-28.82,-28.46,-21.98,-21.78,-25.60,-32.47,-34.56,-43.33,-31.14,-25.83,-23.42,-22.56,-22.53,-22.72,-23.54,-24.98,-23.20,-20.31,-19.08,-19.31,-20.28,-20.88,-21.19,-22.39,-26.19,-32.91,-27.38,-24.36,-24.22,-26.62,-32.72,-47.04,-31.66,-26.46,-25.18,-28.03,-35.95,-24.98,-21.16,-22.83,-29.27,-20.25,-17.01,-18.43,-26.54,-24.32,-18.35,-17.85,-21.20,-31.49,-29.66,-25.48,-28.23,-24.04,-18.30,-16.72,-18.43,-20.95
HUG002,X3SX4H41.DTA,R,false,83.7,-36.18,-42.78,-38.90,-33.73,-17.08,-8.92,-4.70,-3.55,-5.99,-11.27,-2.28,3.12,5.42,5.32,2.80,-2.43,-8.63,-9.61,-11.03,-24.80,-2.78,3.48,5.57,5.37,5.87,7.92,9.48,10.89,12.20,12.40,11.48,11.52,12.87,13.29,12.55,12.07,12.11,10.83,6.35,1.66,8.74,12.06,12.72,11.47,8.66,5.10,2.89,3.18,4.42,4.93,3.69,-0.53,-15.64,-5.01,0.25,1.34,0.12,-3.70,-14.03,-7.02,-1.24,0.37,-0.63,-3.89,-7.80,-8.56,-9.40,-12.73,-14.65,-12.44,-12.07,-13.52,-13.38,-11.64,-11.99,-17.57,-21.23,-9.55,-5.46,-4.13,-4.80,-7.52,-13.19,-16.89,-10.64,-7.68,-7.28,-9.07,-12.77,-14.35,-11.00,-7.96,-6.14,-5.69,-6.81,-10.07,-18.12,-22.20,-12.55,-9.72,-9.66,-11.90,-15.58,-15.53,-14.40,-16.19,-16.95,-12.69,-11.06,-13.87,-34.59,-12.76,-7.95,-7.16,-8.21,-7.61,-5.78,-5.82,-8.73,-12.94,-10.82,-10.02,-13.63,-16.42,-10.77,-8.85,-9.94,-13.42,-18.16,-20.00,-18.55,-17.43,-17.75,-19.25,-20.35,-19.37,-17.32,-16.00,-16.07,-16.98,-17.19,-16.56,-15.74,-14.34,-12.79,-12.08,-12.71,-14.76,-17.87,-20.30,-21.37,-23.82,-26.17,-22.46,-20.89,-23.75,-27.33,-20.59,-17.97,-18.14,-18.20,-16.57,-15.45,-15.42,-16.08,-17.96,-22.36,-23.32,-19.36,-19.40,-24.76,-29.84,-23.27,-24.35,-39.35,-26.11,-20.52,-17.56,-14.77,-13.11,-13.72,-18.37,-27.00,-16.09,-13.17,-14.13,-18.47,-24.05,-25.81,-25.73,-17.90,-14.04,-13.32,-15.00,-18.09,-19.33,-19.01,-21.21,-28.18,-20.26,-15.27,-14.03,-15.44,-18.16,-17.66,-15.24,-13.90,-13.69,-14.58,-16.80,-20.46,-24.59,-26.07,-24.78,-22.82,-21.86,-22.01,-21.37,-19.61,-19.18,-21.72,-30.57,-28.42,-24.63,-30.69,-26.40,-18.02,-15.69,-17.23,-25.14,-27.43,-19.43,-19.25,-25.25,-32.64,-22.17,-21.31,-26.08,-37.91,-25.34,-21.84,-19.55,-17.43,-16.44,-17.10,-19.35,-21.32,-20.81,-20.88,-23.96,-34.94,-30.03,-24.57,-24.19,-26.83,-32.06,-36.68
HUG003,X3SX4H53.DTA,R,false,83.7,-45.64,-34.11,-30.79,-39.08,-28.14,-26.44,-23.59,-13.79,-9.17,-7.76,-8.55,-10.19,-9.14,-5.03,-2.09,-1.51,-3.47,-7.00,-8.91,-7.61,-1.18,3.20,4.68,3.35,-1.39,-4.14,1.14,3.53,3.48,1.04,-3.50,-1.86,1.66,2.75,2.16,0.73,-0.41,0.31,1.74,1.98,0.50,-2.23,-4.51,-6.09,-9.25,-16.71,-25.00,-12.45,-8.35,-6.74,-6.58,-7.24,-8.39,-10.11,-12.38,-14.46,-15.38,-15.42,-15.50,-16.79,-20.81,-29.86,-24.31,-20.58,-21.62,-30.10,-21.96,-14.58,-11.26,-10.44,-12.31,-19.57,-21.99,-12.69,-10.41,-11.40,-14.33,-14.30,-12.30,-12.05,-12.36,-10.74,-8.45,-7.03,-6.71,-7.35,-8.48,-9.58,-10.86,-12.20,-12.08,-11.73,-13.63,-18.34,-17.13,-14.56,-15.58,-17.58,-15.61,-14.44,-15.41,-15.06,-12.55,-11.47,-12.80,-17.61,-30.00,-18.08,-13.68,-12.36,-12.87,-15.07,-18.79,-20.25,-18.15,-17.45,-18.98,-22.26,-24.54,-22.67,-19.65,-17.43,-16.50,-16.91,-18.40,-20.51,-22.72,-24.30,-24.16,-22.34,-20.55,-19.95,-21.19,-25.88,-36.40,-24.01,-20.02,-19.43,-21.23,-23.50,-22.19,-20.42,-20.17,-20.91,-21.46,-21.44,-21.76,-23.00,-25.46,-30.22,-48.41,-30.94,-24.49,-21.84,-21.81,-25.12,-38.69,-29.31,-24.24,-23.10,-22.58,-22.58,-25.72,-34.09,-23.53,-19.89,-20.75,-26.77,-25.50,-20.17,-19.75,-23.92,-38.41,-24.72,-21.40,-21.83,-23.32,-22.30,-20.70,-20.99,-24.04,-31.29,-30.10,-25.93,-25.94,-27.75,-26.06,-23.03,-21.40,-20.93,-21.47,-23.70,-29.93,-34.25,-24.17,-20.28,-18.73,-18.71,-20.12,-23.24,-29.10,-42.71,-34.61,-31.41,-32.86,-41.82,-38.23,-30.37,-28.17,-28.58,-30.51,-33.53,-40.49,-33.84,-27.57,-26.14,-29.10,-35.79,-27.64,-24.62,-26.01,-33.71,-36.52,-28.12,-26.50,-27.54,-30.47,-36.16,-46.06,-38.55,-32.37,-26.42,-22.49,-21.07,-22.52,-28.10,-28.36,-23.03,-22.18,-25.13,-33.47,-43.67,-34.33,-26.36,-21.91,-20.60,-22.03,-26.05,-29.61,-28.41,-27.56,-27.60,-26.86,-24.81,-23.50,-23.76,-24.38
HUG003,X3SX4H54.DTA,R,false,84.2,-44.43,-32.63,-32.91,-29.49,-17.87,-14.84,-18.19,-22.13,-13.70,-15.42,-12.55,-3.89,-1.03,-2.11,-6.72,-5.26,-1.62,-1.32,-4.32,-10.84,-2.33,3.04,4.82,3.33,-4.34,-5.06,4.14,6.95,7.16,5.53,2.96,2.43,4.02,4.91,4.64,3.66,2.48,2.05,2.98,3.91,3.76,2.43,0.21,-3.24,-10.12,-21.31,-13.86,-20.32,-10.94,-3.75,-1.26,-1.28,-2.79,-4.73,-7.09,-11.71,-14.17,-9.23,-7.84,-9.82,-13.70,-13.85,-14.43,-22.29,-19.38,-12.76,-12.10,-14.41,-15.10,-13.08,-12.93,-15.12,-16.11,-12.81,-10.85,-11.74,-16.26,-20.61,-15.71,-14.25,-13.87,-10.64,-7.37,-5.97,-6.64,-9.06,-9.63,-7.33,-6.48,-7.50,-9.09,-9.74,-10.21,-10.67,-10.32,-10.55,-13.07,-18.78,-19.51,-16.52,-15.25,-12.82,-10.32,-9.33,-10.10,-12.72,-17.27,-17.77,-13.28,-10.86,-10.66,-12.89,-19.34,-26.32,-16.15,-13.01,-12.56,-14.10,-17.85,-25.40,-26.64,-20.09,-17.62,-17.56,-19.36,-22.24,-24.21,-25.60,-29.03,-32.72,-31.03,-29.74,-29.53,-29.67,-31.74,-38.67,-38.87,-31.40,-26.63,-23.15,-20.71,-19.45,-19.50,-20.74,-22.28,-22.24,-21.10,-20.56,-20.76,-21.40,-22.03,-20.54,-17.54,-15.73,-15.86,-18.34,-24.07,-26.27,-22.20,-21.20,-22.06,-24.13,-28.10,-36.16,-35.51,-33.33,-38.40,-51.97,-37.89,-29.78,-24.84,-23.60,-26.60,-28.90,-22.87,-20.99,-22.41,-22.88,-20.52,-20.54,-24.33,-26.72,-22.29,-20.85,-21.11,-21.58,-22.82,-25.55,-28.33,-30.14,-33.60,-31.74,-31.43,-38.38,-25.29,-19.98,-18.54,-19.99,-23.80,-26.31,-26.71,-28.48,-25.26,-21.97,-21.98,-26.25,-53.33,-27.87,-24.79,-26.99,-41.02,-28.79,-22.30,-20.06,-20.45,-23.91,-33.71,-28.95,-24.36,-24.63,-29.44,-56.11,-33.53,-34.99,-36.94,-25.67,-22.19,-22.20,-24.13,-25.25,-26.49,-33.94,-30.92,-23.32,-21.50,-23.24,-29.72,-33.85,-28.21,-29.34,-41.00,-31.75,-26.62,-27.19,-35.60,-30.56,-23.42,-21.58,-22.22,-21.65,-19.18,-18.18,-19.12,-21.00,-22.32,-23.45,-24.28
HUG003,X3SX4H55.DTA,R,false,84.0,-33.30,-39.59,-35.60,-26.64,-17.24,-11.92,-12.50,-21.66,-3.36,2.26,3.63,0.92,-4.44,1.96,4.70,3.66,0.36,-0.82,-2.25,-5.93,1.96,6.22,6.97,4.46,-4.13,-3.54,3.79,5.95,5.82,3.85,-0.06,-2.37,1.18,4.01,5.52,6.17,6.24,5.96,5.44,4.60,3.51,2.72,2.21,1.03,-1.60,-5.87,-11.11,-11.78,-6.77,-3.17,-1.29,-0.51,-0.36,-0.66,-1.58,-3.64,-7.74,-15.71,-13.05,-8.70,-8.23,-10.75,-16.68,-21.10,-15.46,-10.45,-6.40,-3.81,-3.05,-4.77,-11.62,-16.26,-5.59,-2.76,-2.80,-4.64,-7.30,-10.13,-14.40,-16.96,-12.51,-11.40,-13.27,-10.72,-6.47,-4.88,-5.87,-10.02,-19.69,-11.37,-6.74,-5.93,-8.61,-19.47,-13.90,-7.98,-7.30,-9.88,-13.84,-12.12,-10.37,-11.33,-14.77,-19.40,-20.63,-20.15,-19.30,-17.83,-17.19,-17.73,-18.44,-18.52,-18.37,-17.36,-15.67,-14.77,-15.34,-17.74,-22.78,-24.99,-18.72,-15.53,-15.07,-17.44,-21.17,-16.97,-13.34,-12.37,-13.32,-14.64,-13.84,-12.81,-14.05,-19.32,-21.32,-14.92,-12.73,-12.82,-13.68,-14.01,-14.08,-15.70,-22.07,-25.26,-16.51,-15.13,-18.29,-21.82,-16.75,-15.03,-16.88,-22.54,-23.38,-17.56,-14.72,-13.91,-14.69,-16.94,-21.32,-25.42,-19.09,-15.60,-15.02,-16.67,-20.26,-26.96,-33.40,-22.87,-19.67,-19.96,-22.19,-23.21,-24.59,-36.25,-24.18,-17.45,-15.22,-15.56,-17.83,-20.24,-20.43,-21.41,-23.57,-18.99,-14.95,-13.87,-15.70,-21.14,-21.41,-16.08,-13.74,-13.38,-14.94,-19.15,-22.98,-19.05,-17.55,-18.37,-18.20,-16.17,-14.88,-14.78,-15.61,-17.04,-18.05,-17.60,-17.02,-17.67,-19.72,-22.43,-25.41,-32.86,-33.98,-24.89,-23.15,-25.20,-30.04,-32.06,-32.53,-32.41,-31.65,-37.47,-33.30,-25.97,-24.44,-25.43,-24.16,-21.96,-22.41,-26.86,-35.25,-28.91,-26.92,-27.50,-28.52,-27.02,-22.87,-20.43,-20.57,-23.07,-26.56,-30.38,-40.07,-30.52,-27.89,-33.24,-32.83,-24.41,-22.28,-24.14,-35.38,-26.84,-20.06,-18.22,-19.11,-21.93,-24.13
HUG003,X3SX4H56.DTA,R,false,84.2,-33.36,-34.63,-34.38,-28.77,-31.99,-21.42,-13.17,-10.28,-11.68,-15.31,-8.91,-4.21,-1.48,-0.26,-1.04,-2.89,-0.73,1.64,0.74,-3.54,0.70,5.43,6.72,4.89,-2.19,-5.65,3.92,7.02,7.63,6.46,3.67,0.36,0.87,3.57,5.44,6.41,6.93,7.30,7.28,6.39,4.59,2.78,1.65,-0.18,-4.02,-8.88,-10.75,-9.49,-4.36,-0.95,0.10,-0.46,-1.32,-1.63,-2.62,-6.17,-17.44,-14.01,-8.25,-8.25,-11.75,-19.70,-26.33,-14.46,-9.37,-7.03,-6.74,-8.02,-10.17,-12.67,-15.54,-15.02,-11.40,-10.06,-11.81,-13.59,-9.39,-6.71,-6.71,-9.06,-13.50,-19.16,-17.38,-13.08,-12.43,-16.98,-19.37,-10.45,-7.05,-6.14,-7.20,-11.47,-22.63,-9.56,-4.90,-3.60,-4.66,-8.30,-15.74,-15.04,-10.02,-7.86,-6.92,-6.82,-7.94,-11.11,-18.42,-21.59,-15.74,-15.60,-20.59,-24.69,-16.75,-14.49,-15.18,-16.11,-15.08,-15.12,-18.06,-23.31,-22.91,-23.25,-24.99,-21.68,-20.46,-19.09,-15.04,-12.55,-12.62,-15.57,-22.80,-52.07,-29.37,-25.82,-22.06,-20.23,-20.30,-20.86,-20.41,-19.00,-17.69,-17.55,-19.40,-24.10,-35.49,-32.58,-24.44,-20.40,-19.00,-20.24,-22.94,-21.86,-20.13,-21.92,-30.41,-23.10,-17.44,-15.79,-16.81,-20.26,-22.97,-20.64,-19.70,-21.80,-25.33,-22.77,-20.62,-21.45,-24.97,-27.42,-26.64,-25.93,-22.43,-19.32,-18.41,-19.79,-23.17,-26.64,-25.15,-20.63,-17.52,-16.91,-19.53,-24.81,-20.14,-16.90,-17.19,-20.48,-23.70,-22.27,-22.22,-24.13,-24.71,-24.25,-25.44,-27.01,-26.43,-25.73,-24.83,-22.88,-21.44,-21.54,-23.64,-28.22,-32.70,-31.80,-32.61,-35.94,-34.48,-30.27,-26.74,-23.41,-20.67,-19.27,-19.88,-23.73,-35.00,-26.26,-22.42,-22.58,-25.57,-28.80,-25.15,-22.18,-22.07,-25.36,-33.45,-31.03,-27.82,-25.55,-21.81,-19.59,-20.03,-24.09,-39.19,-26.52,-22.06,-21.27,-22.16,-23.88,-26.66,-31.41,-29.15,-23.17,-20.00,-18.99,-19.85,-22.10,-23.04,-21.17,-19.95,-20.52,-22.17,-22.35,-21.93,-23.78,-26.58
HUG003,X3SX4H52.DTA,L,false,84.5,-34.38,-38.43,-26.80,-20.54,-17.30,-10.95,-6.85,-7.09,-18.05,-5.52,0.85,2.26,-0.21,-10.58,-7.52,-0.98,0.39,-0.01,-0.88,-1.56,-1.65,-1.00,0.04,0.62,-0.53,-5.64,-9.09,-0.37,2.53,2.23,-0.74,-6.59,-14.63,-14.73,-10.02,-6.74,-5.23,-5.02,-6.12,-8.64,-12.06,-14.36,-16.00,-18.51,-15.41,-11.24,-8.98,-8.51,-9.63,-12.08,-14.95,-15.76,-15.12,-15.84,-20.58,-26.04,-16.79,-14.57,-17.00,-30.58,-21.53,-17.62,-18.14,-16.12,-13.75,-13.90,-14.90,-12.63,-10.63,-11.54,-16.92,-23.60,-16.12,-16.77,-21.95,-10.87,-5.87,-4.07,-4.45,-6.84,-11.45,-17.36,-15.36,-11.55,-9.87,-10.51,-14.27,-20.55,-14.78,-11.49,-11.68,-15.69,-33.71,-19.57,-15.81,-16.94,-20.60,-18.30,-15.13,-14.72,-16.62,-19.89,-19.31,-16.23,-14.86,-15.49,-17.85,-19.44,-18.23,-18.48,-22.70,-34.37,-24.23,-21.50,-22.07,-22.52,-22.18,-22.90,-24.79,-26.38,-26.01,-24.62,-24.30,-25.71,-28.42,-31.16,-31.21,-27.70,-24.20,-22.36,-21.68,-20.77,-19.19,-17.90,-17.58,-18.25,-19.45,-20.62,-21.58,-22.56,-23.95,-25.76,-27.06,-27.42,-27.94,-29.71,-33.17,-35.62,-32.59,-30.01,-30.12,-34.41,-36.41,-30.78,-32.17,-49.19,-26.87,-21.80,-20.73,-22.64,-27.54,-34.99,-40.26,-34.28,-27.65,-25.99,-29.37,-37.30,-25.78,-22.30,-23.17,-30.07,-32.19,-22.91,-20.29,-20.56,-23.06,-27.80,-30.36,-26.41,-24.64,-26.22,-31.45,-29.29,-24.96,-23.86,-25.13,-29.45,-44.48,-26.80,-22.33,-22.23,-26.34,-30.55,-24.62,-23.46,-27.12,-38.06,-30.18,-28.17,-31.75,-41.99,-41.14,-55.85,-35.82,-30.49,-31.70,-42.36,-27.59,-22.73,-21.96,-24.92,-32.63,-25.27,-20.77,-19.39,-19.86,-21.72,-24.65,-28.58,-32.80,-31.18,-27.94,-27.28,-30.54,-41.47,-28.74,-24.22,-23.16,-24.64,-29.53,-42.52,-27.35,-21.99,-19.95,-20.12,-22.22,-25.25,-26.54,-27.42,-30.65,-37.67,-48.78,-34.39,-28.98,-28.48,-33.61,-36.64,-30.65,-33.00,-30.25,-23.19,-21.18,-23.34,-32.99,-29.90,-25.75
HUG003,X3SX4H51.DTA,L,false,83.7,-43.88,-37.59,-26.56,-12.86,-6.13,-2.37,-0.29,0.57,0.17,-1.61,-4.32,-7.76,-13.88,-17.94,-11.57,-9.58,-9.11,-6.92,-4.41,-2.61,-1.35,-0.21,0.89,1.08,-0.73,-4.15,-2.04,1.32,2.05,0.27,-3.77,-9.48,-14.09,-13.46,-9.75,-8.26,-9.02,-11.27,-14.34,-13.78,-12.01,-11.24,-13.31,-17.83,-14.09,-11.51,-11.85,-15.62,-23.11,-26.99,-32.39,-22.28,-19.24,-21.16,-32.57,-20.88,-18.51,-22.74,-22.58,-15.33,-12.53,-12.68,-15.12,-18.69,-21.92,-26.61,-36.72,-23.12,-16.49,-12.58,-10.50,-9.81,-9.84,-9.33,-8.28,-8.48,-11.48,-15.58,-10.81,-8.78,-11.48,-14.25,-7.62,-5.06,-6.14,-10.02,-8.62,-5.46,-5.35,-8.24,-15.08,-22.51,-19.47,-21.35,-26.07,-23.38,-18.39,-15.99,-16.31,-19.77,-30.56,-26.16,-20.72,-20.83,-21.30,-17.28,-13.85,-12.22,-11.29,-10.07,-9.13,-9.58,-12.35,-19.10,-25.70,-18.60,-17.59,-20.02,-22.39,-22.07,-23.73,-30.92,-25.80,-21.30,-20.51,-20.53,-20.54,-20.74,-21.85,-24.22,-24.24,-21.34,-18.49,-16.51,-16.18,-18.65,-27.11,-25.63,-18.77,-17.50,-20.42,-32.53,-25.67,-19.89,-19.08,-21.17,-23.86,-22.72,-21.31,-22.52,-26.48,-31.58,-32.78,-40.55,-32.13,-25.18,-24.30,-28.14,-46.63,-26.33,-22.01,-21.09,-21.55,-22.16,-22.22,-21.43,-20.51,-20.68,-22.74,-27.27,-32.72,-28.54,-24.26,-21.93,-21.23,-22.16,-25.05,-30.13,-35.38,-46.26,-34.39,-25.68,-22.04,-21.49,-23.20,-23.75,-21.01,-19.69,-21.22,-25.80,-27.77,-25.51,-27.48,-34.12,-28.62,-26.64,-30.55,-36.61,-26.63,-24.24,-23.79,-22.57,-21.48,-21.68,-23.94,-28.95,-39.61,-35.19,-27.75,-24.54,-22.87,-22.36,-23.56,-27.30,-33.33,-31.16,-27.67,-27.69,-31.60,-36.59,-29.16,-25.52,-25.81,-30.83,-44.45,-29.05,-27.02,-31.63,-32.02,-24.15,-21.27,-20.98,-22.82,-27.67,-42.26,-27.28,-22.63,-21.88,-23.43,-24.10,-23.02,-23.16,-24.74,-26.96,-30.49,-33.84,-27.49,-24.08,-23.78,-26.29,-33.37,-44.41,-35.37,-35.47,-32.76,-29.19,-28.05
HUG004,X3SX4H48.DTA,R,false,84.2,-42.53,-38.12,-29.49,-16.98,-12.74,-14.35,-9.42,-0.20,4.71,7.04,7.43,5.99,2.93,-0.64,-4.04,-10.12,-15.02,-9.56,-8.26,-5.94,-4.35,-2.38,3.15,7.65,10.03,10.58,9.60,7.55,5.22,3.09,1.66,3.64,6.28,6.94,5.64,4.62,5.61,5.17,-0.33,-6.21,4.57,6.76,5.73,6.31,9.79,11.64,11.26,8.73,4.48,1.58,0.71,-2.30,-11.10,-7.96,0.58,4.61,6.35,6.70,6.88,7.60,8.06,7.35,5.00,0.41,-9.03,-11.73,-4.06,-1.80,-2.03,-4.36,-9.29,-16.09,-10.28,-7.02,-7.44,-10.75,-12.67,-13.49,-33.68,-9.79,-4.16,-3.63,-7.11,-5.03,0.12,1.74,0.23,-4.91,-12.34,-9.88,-12.49,-16.54,-8.20,-6.12,-7.97,-14.73,-26.65,-13.31,-10.36,-10.57,-12.83,-12.64,-9.93,-8.92,-9.06,-9.09,-10.12,-12.96,-10.50,-6.35,-5.08,-6.83,-13.08,-24.11,-13.56,-12.87,-17.35,-18.15,-13.82,-13.81,-18.97,-26.77,-16.44,-14.47,-16.52,-17.88,-12.81,-10.17,-10.95,-16.93,-25.44,-13.76,-13.01,-20.21,-17.08,-10.00,-8.65,-11.21,-20.32,-20.41,-13.44,-11.19,-10.38,-10.16,-10.06,-10.52,-12.86,-18.97,-34.36,-25.56,-24.12,-21.94,-22.87,-22.01,-15.22,-12.63,-13.75,-16.20,-13.36,-11.28,-12.06,-15.56,-21.46,-27.10,-23.36,-19.29,-19.10,-20.83,-18.33,-16.03,-17.00,-21.85,-25.35,-17.99,-12.91,-9.77,-8.36,-8.82,-11.53,-17.95,-27.30,-16.78,-13.28,-12.43,-13.75,-18.01,-17.98,-12.30,-10.09,-10.53,-12.02,-11.59,-10.73,-11.90,-15.44,-18.87,-19.69,-23.22,-22.73,-17.21,-15.67,-17.52,-22.90,-21.59,-17.14,-16.04,-17.48,-20.27,-19.98,-17.86,-17.24,-17.58,-16.84,-15.52,-16.00,-19.90,-24.86,-18.65,-16.34,-17.38,-19.51,-18.35,-16.99,-18.11,-20.48,-18.38,-16.03,-16.61,-20.37,-21.54,-18.45,-18.65,-23.71,-28.18,-20.61,-19.03,-21.56,-31.01,-26.52,-19.53,-16.61,-15.97,-17.44,-19.84,-20.75,-24.01,-33.39,-19.65,-16.20,-17.23,-20.22,-17.86,-16.91,-21.58,-21.61,-14.30,-12.37
HUG004,X3SX4H46.DTA,L,false,84.2,-36.80,-27.49,-20.10,-11.98,-6.24,-3.92,-2.31,-1.65,-2.96,-10.49,-6.10,1.19,4.03,6.22,7.46,6.65,3.57,3.19,5.74,5.48,1.02,-7.44,3.36,6.63,5.58,-1.43,4.28,11.63,14.15,13.07,7.08,7.81,14.06,15.64,14.76,13.52,12.86,11.02,6.56,2.58,5.26,7.75,9.51,9.82,8.93,8.63,8.90,8.82,10.60,13.10,14.01,12.85,9.35,3.11,-4.77,-7.36,0.58,5.30,7.17,7.32,6.75,6.20,5.99,6.41,7.06,6.93,5.36,1.95,-3.62,-7.99,-8.44,-11.90,-16.31,-14.88,-11.00,-4.73,-0.66,0.98,0.75,-0.50,-1.41,-1.88,-3.45,-6.73,-10.48,-13.47,-11.34,-6.72,-5.55,-9.64,-15.65,-6.46,-4.99,-9.34,-22.95,-6.98,-3.86,-2.89,-2.22,-3.05,-8.28,-18.07,-4.94,-2.64,-4.80,-14.66,-11.62,-4.40,-2.68,-3.66,-7.01,-13.76,-29.66,-19.88,-17.67,-15.93,-13.09,-10.52,-9.19,-9.15,-10.82,-13.47,-12.11,-10.43,-10.34,-11.51,-11.49,-9.09,-7.97,-8.75,-11.49,-15.81,-15.67,-13.23,-12.52,-13.56,-16.34,-19.23,-19.45,-19.54,-20.58,-21.36,-22.97,-29.10,-25.78,-19.14,-15.60,-14.16,-15.35,-19.34,-18.67,-15.75,-16.54,-25.50,-18.48,-12.26,-10.69,-11.45,-14.25,-17.70,-18.75,-19.92,-22.51,-28.36,-43.63,-30.86,-22.46,-18.71,-17.42,-16.06,-12.72,-10.02,-8.93,-9.65,-12.53,-17.51,-23.26,-27.54,-36.66,-29.15,-23.40,-22.45,-19.88,-16.80,-14.88,-15.48,-20.12,-31.25,-18.96,-14.91,-14.45,-15.04,-15.03,-14.39,-14.28,-15.59,-17.31,-19.44,-23.81,-35.34,-27.38,-19.04,-15.54,-14.61,-15.79,-19.30,-21.46,-19.78,-21.29,-32.32,-23.47,-16.72,-14.50,-13.72,-13.67,-14.84,-17.18,-19.50,-18.81,-17.49,-18.79,-22.49,-23.73,-20.87,-19.05,-18.32,-18.99,-23.12,-38.23,-28.13,-23.36,-23.38,-27.69,-34.14,-29.56,-26.26,-25.42,-25.70,-25.57,-25.26,-26.61,-28.63,-27.21,-26.75,-30.04,-38.54,-24.70,-21.46,-22.79,-22.94,-19.29,-17.63,-18.59,-20.75,-21.71,-24.70,-32.01
HUG004,X3SX4H45.DTA,L,false,84.2,-44.22,-30.70,-20.59,-14.37,-13.00,-19.41,-15.09,-6.49,-3.64,-3.35,-1.88,-1.89,-9.61,-6.30,0.68,1.92,0.45,0.21,2.08,1.64,-1.27,-0.81,3.02,4.87,4.30,3.07,7.74,12.76,14.79,13.60,8.64,10.21,15.05,16.25,15.17,13.61,12.48,10.06,5.30,4.64,7.10,8.19,8.92,8.64,7.82,8.87,9.90,9.60,10.74,13.16,14.08,12.78,8.82,0.96,-13.80,-9.71,0.60,5.65,7.69,7.84,6.78,4.88,2.35,1.03,2.27,2.93,1.58,-1.99,-8.09,-15.58,-11.53,-5.85,-2.38,-0.64,-0.09,-0.50,-1.90,-3.91,-5.27,-6.16,-8.45,-13.87,-24.70,-23.25,-11.03,-4.82,-2.03,-1.82,-4.37,-10.11,-11.42,-9.76,-12.40,-19.31,-13.35,-8.66,-6.53,-6.36,-8.35,-12.93,-20.41,-18.95,-10.77,-6.83,-6.24,-9.21,-21.49,-14.80,-9.85,-10.95,-13.68,-9.30,-5.93,-5.32,-7.54,-13.36,-18.00,-14.55,-14.22,-16.49,-18.49,-18.27,-16.79,-15.37,-15.30,-17.13,-22.12,-25.92,-20.00,-15.29,-11.71,-9.10,-7.54,-7.16,-7.85,-9.14,-10.70,-12.88,-17.90,-23.95,-15.15,-13.27,-16.36,-32.17,-14.67,-10.01,-9.21,-11.02,-16.17,-26.93,-17.75,-14.49,-13.82,-13.95,-14.65,-16.51,-19.23,-20.95,-22.29,-25.51,-36.54,-26.56,-21.09,-20.03,-20.82,-19.80,-16.06,-13.36,-13.13,-15.81,-22.07,-22.96,-19.81,-22.16,-23.32,-16.35,-13.02,-12.67,-15.41,-22.65,-23.40,-18.22,-17.87,-20.21,-19.63,-17.99,-19.33,-26.40,-21.79,-15.61,-14.31,-16.16,-20.14,-19.87,-17.47,-17.08,-16.84,-16.23,-16.15,-17.05,-19.25,-21.34,-22.42,-24.29,-27.50,-34.95,-33.38,-23.12,-19.47,-18.80,-20.63,-25.97,-28.17,-23.83,-22.17,-22.26,-24.32,-23.61,-18.41,-15.55,-16.19,-22.69,-25.83,-15.35,-12.85,-14.44,-21.82,-26.52,-17.17,-15.70,-17.97,-23.83,-31.50,-23.13,-19.26,-18.27,-19.31,-23.47,-37.03,-27.84,-26.62,-30.23,-30.15,-30.40,-21.89,-15.63,-13.47,-15.17,-23.56,-23.41,-17.20,-17.65,-18.41,-14.31,-12.56,-13.63,-15.11
HUG004,X3SX4H50.DTA,R,false,84.2,-54.41,-39.36,-32.19,-32.49,-23.06,-13.70,-7.47,-3.37,-0.54,1.74,3.65,4.67,4.06,0.68,-8.04,-1.75,2.89,3.42,0.37,-9.45,-6.73,-1.98,0.80,5.40,8.60,9.68,9.05,7.54,5.98,3.52,0.23,3.17,6.21,6.35,4.07,2.39,3.59,3.01,-1.57,-0.41,4.63,5.42,2.77,3.06,7.75,9.79,9.20,6.17,2.13,2.14,2.35,-0.77,-8.51,-2.34,2.91,5.60,7.20,8.19,8.44,7.75,6.67,6.69,7.25,6.49,3.16,-5.15,-11.74,-5.86,-8.41,-10.41,-6.09,-5.65,-8.22,-9.02,-7.60,-8.27,-10.89,-12.47,-10.65,-8.48,-8.17,-11.25,-22.16,-17.59,-16.44,-29.69,-10.15,-5.40,-4.79,-7.59,-15.50,-18.70,-12.95,-10.88,-10.37,-13.43,-40.11,-10.79,-5.78,-4.54,-5.61,-8.11,-10.49,-12.19,-15.72,-20.85,-12.30,-7.51,-5.96,-7.23,-11.58,-12.07,-7.92,-6.68,-7.93,-11.25,-17.00,-30.59,-27.47,-24.51,-21.71,-15.54,-12.20,-10.48,-8.90,-7.73,-8.24,-11.79,-22.40,-16.70,-12.99,-14.98,-23.18,-17.16,-13.62,-14.85,-19.18,-16.00,-12.98,-13.78,-16.71,-14.26,-11.04,-9.28,-7.47,-5.94,-5.92,-8.11,-12.90,-14.98,-12.01,-11.69,-14.72,-21.80,-19.93,-17.27,-18.44,-20.99,-26.12,-27.29,-16.12,-12.58,-12.80,-16.67,-25.53,-23.86,-20.91,-20.64,-21.76,-24.96,-31.02,-31.35,-21.25,-16.67,-16.26,-22.15,-21.73,-12.74,-9.86,-10.07,-13.01,-17.46,-16.46,-15.11,-17.53,-28.06,-23.79,-19.36,-21.54,-22.47,-16.87,-15.40,-18.55,-32.07,-20.93,-18.03,-21.62,-30.16,-19.18,-16.73,-18.54,-21.75,-17.93,-14.83,-14.05,-14.80,-16.41,-18.27,-20.14,-22.72,-23.93,-18.16,-13.48,-11.10,-10.75,-12.55,-17.57,-35.57,-22.09,-17.83,-17.57,-19.64,-23.56,-26.80,-23.52,-19.51,-17.04,-16.01,-16.23,-17.48,-19.60,-22.58,-24.72,-23.30,-22.32,-24.43,-30.70,-24.33,-19.18,-16.68,-15.06,-14.02,-14.20,-16.16,-19.76,-21.97,-21.82,-23.31,-29.73,-24.64,-16.70,-13.49,-13.60,-17.79,-22.75,-15.40,-13.25
HUG004,X3SX4H49.DTA,R,false,84.2,-38.20,-34.51,-30.91,-27.51,-13.54,-7.88,-8.64,-18.03,0.22,5.92,7.85,6.97,3.07,-5.78,-29.15,-19.12,-8.86,-4.14,-5.28,-8.41,-2.03,1.91,4.55,7.15,8.82,8.90,7.68,6.53,5.96,4.07,1.10,4.23,7.29,7.26,4.13,1.96,5.08,5.57,2.73,3.71,7.63,8.54,7.03,6.92,9.65,10.97,10.03,6.74,2.37,2.34,2.88,1.12,-0.52,1.70,3.97,4.87,5.01,5.65,7.20,8.47,8.59,7.34,5.01,2.75,1.28,-0.83,-4.98,-10.69,-11.69,-7.83,-4.70,-4.30,-7.64,-11.81,-7.01,-6.30,-12.07,-17.88,-8.49,-9.69,-19.95,-4.62,-0.02,0.72,-1.91,-8.36,-5.03,-1.27,-1.28,-4.66,-13.65,-18.90,-16.43,-28.73,-9.55,-4.76,-3.66,-4.89,-7.26,-9.35,-12.46,-13.06,-6.92,-3.84,-3.83,-7.12,-11.92,-7.30,-4.93,-6.12,-10.92,-14.18,-10.44,-9.90,-12.72,-20.38,-25.80,-18.31,-17.82,-22.68,-28.28,-18.54,-16.63,-19.44,-16.99,-11.74,-10.43,-12.43,-13.98,-11.21,-10.82,-14.81,-20.34,-13.92,-11.36,-10.13,-8.51,-7.32,-7.18,-8.05,-9.98,-12.99,-14.80,-13.36,-12.81,-14.94,-18.63,-17.22,-16.29,-16.13,-12.29,-9.96,-11.43,-20.11,-14.53,-8.96,-8.16,-10.29,-14.37,-20.19,-31.64,-15.62,-11.33,-10.97,-13.75,-19.59,-23.86,-23.01,-18.54,-14.40,-12.26,-11.40,-11.23,-11.86,-13.42,-14.29,-12.86,-11.77,-12.65,-16.13,-21.88,-22.79,-24.08,-23.33,-16.99,-14.56,-15.73,-20.51,-22.12,-19.73,-20.11,-18.81,-16.62,-17.01,-20.74,-28.29,-30.42,-21.24,-15.77,-13.63,-14.63,-19.68,-22.03,-16.22,-14.85,-17.36,-27.41,-23.79,-17.11,-15.57,-16.78,-20.78,-26.88,-22.33,-18.49,-17.37,-18.13,-19.76,-19.70,-17.69,-16.06,-15.77,-17.45,-22.43,-29.91,-23.01,-20.89,-21.45,-21.22,-20.27,-20.77,-20.73,-18.16,-16.66,-17.35,-19.61,-21.01,-21.37,-23.05,-25.59,-27.61,-31.74,-37.97,-30.15,-23.11,-18.42,-16.47,-17.58,-23.58,-28.59,-19.73,-17.53,-18.84,-26.19,-26.46,-17.25,-15.18
HUG004,X3SX4H47.DTA,L,false,84.2,-34.82,-30.52,-18.60,-14.13,-11.33,-11.23,-13.51,-10.30,-6.73,-6.39,-2.41,1.87,2.33,-2.44,-13.38,0.39,2.81,0.22,-6.01,-3.38,-5.03,-12.76,-0.16,3.45,2.66,0.12,6.34,11.84,14.01,12.96,8.96,10.70,14.60,15.31,13.97,13.16,13.00,10.90,5.88,4.62,7.00,8.24,9.76,10.26,9.52,9.36,9.60,9.01,10.27,12.93,14.01,12.90,9.34,2.89,-4.51,-7.81,0.73,6.48,9.01,9.32,7.80,4.90,2.69,3.67,5.08,5.21,3.85,0.99,-3.54,-10.21,-17.30,-13.05,-11.46,-18.53,-11.37,-2.07,1.93,3.13,2.19,-0.43,-3.39,-4.94,-5.77,-5.95,-7.12,-11.85,-8.75,-3.63,-2.60,-5.20,-10.31,-9.37,-8.80,-12.77,-15.68,-9.77,-7.17,-7.23,-11.04,-13.89,-5.20,-1.77,-2.07,-6.69,-17.33,-8.34,-6.73,-10.30,-13.60,-8.96,-8.24,-10.92,-17.03,-28.14,-15.44,-10.03,-8.22,-8.81,-10.77,-11.99,-12.59,-15.98,-27.55,-16.48,-11.37,-9.86,-10.86,-14.40,-21.13,-31.67,-25.84,-16.99,-11.80,-9.68,-10.16,-13.54,-21.49,-18.32,-14.64,-14.59,-16.30,-19.12,-21.75,-21.98,-19.65,-18.29,-18.88,-22.43,-31.32,-24.85,-22.24,-19.81,-17.13,-15.74,-17.25,-26.02,-18.73,-12.31,-9.82,-9.84,-12.42,-18.85,-36.04,-18.62,-15.67,-16.00,-18.79,-26.00,-19.96,-13.47,-10.63,-10.02,-12.08,-19.76,-17.42,-10.72,-9.13,-11.35,-19.74,-21.71,-17.30,-23.60,-19.48,-11.47,-9.44,-10.46,-13.13,-14.01,-13.27,-14.12,-17.07,-21.80,-24.74,-22.72,-21.19,-20.81,-21.39,-23.18,-26.30,-26.17,-21.34,-18.35,-17.56,-18.65,-18.70,-17.93,-21.79,-30.19,-15.54,-11.36,-10.92,-14.05,-23.84,-25.95,-19.56,-18.65,-16.37,-14.99,-18.26,-37.37,-15.98,-12.21,-13.18,-17.94,-14.36,-10.38,-9.87,-12.60,-19.86,-21.18,-15.80,-13.74,-13.60,-14.92,-17.55,-21.06,-21.82,-20.28,-20.11,-22.65,-27.45,-23.21,-20.29,-20.83,-24.13,-23.88,-22.85,-25.48,-19.64,-15.20,-14.38,-17.43,-33.32,-20.67,-16.69,-18.33,-22.06
HUG005,X3SX4H61.DTA,L,false,83.7,-38.81,-32.84,-22.47,-16.49,-17.27,-12.99,-6.11,-3.47,-4.89,-7.53,-3.98,-3.52,-8.53,-10.86,-1.57,3.66,7.06,8.74,8.51,5.77,-0.42,1.72,5.97,7.08,6.17,3.68,-0.10,-5.21,-14.59,-24.38,-16.21,-8.18,-2.35,-0.04,-1.09,-5.20,-4.46,-1.48,1.24,4.85,7.21,7.38,5.16,1.10,-0.15,0.67,-1.37,-5.47,-3.93,-2.76,-3.76,-3.58,-2.77,-5.09,-15.56,-8.35,-3.52,-3.78,-9.20,-21.36,-8.08,-5.88,-7.23,-11.20,-16.17,-18.15,-12.75,-8.08,-6.69,-8.11,-11.76,-13.48,-12.46,-11.99,-10.13,-8.15,-6.76,-4.81,-2.69,-1.59,-2.03,-4.21,-8.34,-14.74,-23.86,-24.07,-11.02,-4.94,-1.28,1.00,2.22,2.44,1.71,0.06,-2.74,-7.51,-13.92,-12.19,-11.16,-13.22,-14.57,-12.27,-10.21,-9.97,-12.11,-16.20,-11.63,-6.79,-5.11,-6.43,-12.39,-14.07,-5.45,-1.83,-0.48,-0.84,-3.08,-8.01,-14.26,-11.65,-10.72,-12.23,-15.11,-20.31,-16.20,-11.39,-10.39,-11.64,-13.04,-14.08,-13.93,-10.02,-7.22,-6.93,-9.15,-13.45,-15.80,-15.16,-14.68,-14.27,-16.14,-24.97,-18.97,-14.25,-15.47,-20.51,-15.65,-12.07,-12.05,-14.83,-17.81,-16.97,-16.55,-18.58,-23.16,-28.13,-27.92,-24.32,-21.56,-20.35,-19.61,-18.49,-18.36,-20.41,-24.86,-26.96,-26.78,-29.26,-31.30,-29.61,-25.36,-22.42,-23.11,-31.85,-23.84,-17.59,-15.56,-15.53,-16.21,-16.77,-16.67,-15.32,-14.27,-15.18,-19.85,-26.20,-18.86,-17.69,-22.42,-28.55,-16.68,-13.11,-12.67,-14.54,-18.88,-23.08,-20.57,-19.83,-22.81,-25.85,-18.91,-15.24,-14.28,-15.60,-19.84,-22.18,-17.07,-14.65,-15.22,-20.45,-27.76,-16.72,-13.96,-15.04,-20.92,-33.56,-22.03,-21.08,-24.32,-27.00,-23.04,-20.09,-18.84,-19.41,-21.41,-23.96,-27.04,-32.44,-34.47,-29.36,-25.25,-23.54,-23.74,-23.96,-23.20,-22.30,-22.35,-23.03,-23.16,-22.19,-21.37,-21.67,-21.53,-18.64,-16.25,-15.90,-17.72,-21.96,-28.88,-35.14,-33.21,-28.57,-26.85,-27.66,-30.01,-30.38,-29.56
HUG005,X3SX4H64.DTA,R,false,85.0,-33.91,-26.92,-19.08,-15.71,-12.44,-13.34,-24.85,-12.13,-5.33,-5.21,-13.25,-9.58,-4.94,-4.34,-3.86,-2.93,-3.43,-3.88,-2.40,-3.18,-7.33,-5.17,1.19,3.91,3.79,0.73,-12.83,-1.92,3.89,5.11,3.55,-2.45,-13.18,0.35,3.69,4.44,3.29,0.00,-5.53,-11.05,-12.81,-16.95,-10.10,-4.54,-4.26,-11.54,-8.42,1.10,4.70,5.56,4.60,2.76,1.22,-0.21,-3.08,-7.02,-5.85,-2.95,-1.72,-2.01,-2.73,-2.73,-2.20,-0.93,1.28,2.72,1.99,-2.54,-12.03,-2.59,-1.39,-7.03,-2.85,2.90,3.92,1.34,-1.16,2.07,2.81,-1.06,-11.42,-0.91,1.33,-1.69,-11.25,-2.65,1.32,1.98,0.99,-0.61,-1.96,-2.81,-3.75,-4.03,-2.15,-0.46,-0.76,-3.19,-5.59,-4.56,-3.28,-2.55,-1.53,-0.93,-1.71,-3.86,-5.49,-5.07,-5.08,-5.81,-5.59,-5.07,-6.38,-11.55,-28.12,-12.58,-8.93,-8.57,-10.31,-13.65,-17.38,-18.24,-14.46,-9.43,-6.05,-5.10,-6.89,-12.85,-20.41,-10.53,-8.15,-9.12,-12.34,-17.54,-22.04,-18.56,-17.29,-18.31,-15.33,-11.77,-10.26,-10.91,-13.06,-13.21,-11.81,-11.91,-14.27,-17.25,-16.60,-15.84,-16.06,-14.51,-12.04,-10.87,-11.16,-13.10,-17.27,-23.75,-27.21,-26.05,-21.79,-15.36,-12.30,-12.10,-14.64,-19.63,-18.64,-17.40,-18.71,-17.54,-14.69,-13.54,-14.70,-17.26,-18.64,-19.07,-19.96,-22.07,-27.13,-32.07,-32.78,-25.48,-23.57,-25.03,-24.31,-22.22,-20.85,-20.33,-17.74,-15.67,-15.68,-17.05,-19.24,-21.90,-22.43,-18.84,-15.17,-13.57,-14.13,-16.81,-19.25,-16.94,-16.22,-18.66,-24.39,-31.88,-22.69,-16.85,-13.81,-12.32,-11.65,-11.78,-12.70,-14.35,-17.60,-24.70,-43.42,-27.88,-26.16,-23.96,-19.37,-17.05,-17.17,-19.01,-20.22,-19.28,-19.01,-19.61,-20.04,-20.71,-22.86,-27.03,-42.44,-27.35,-22.03,-21.55,-23.68,-24.06,-19.70,-18.06,-20.28,-28.60,-32.02,-24.18,-25.96,-33.28,-22.13,-19.11,-19.94,-24.05,-22.48,-18.66,-17.95,-19.11,-20.77,-20.23,-19.28
HUG005,X3SX4H60.DTA,L,false,83.7,-34.49,-32.39,-26.70,-19.33,-21.91,-22.14,-10.39,-6.22,-5.00,-5.44,-7.36,-14.39,-12.95,-5.03,-3.22,-6.19,-24.78,-5.11,-0.20,1.09,-0.73,-7.64,-7.75,-1.31,0.98,1.40,1.12,0.22,-2.35,-6.39,-9.24,-8.56,-5.74,-4.87,-5.68,-1.68,1.97,2.72,2.43,4.45,6.66,6.69,3.86,-1.34,0.28,2.61,1.32,-3.63,-6.31,-4.17,-5.52,-8.50,-6.57,-5.90,-8.13,-8.93,-7.56,-8.52,-13.07,-20.20,-27.79,-18.64,-12.00,-10.43,-12.91,-22.00,-22.66,-17.83,-15.20,-12.54,-12.12,-16.05,-33.32,-12.19,-6.78,-4.91,-5.87,-8.96,-7.20,-3.10,-1.38,-1.81,-3.95,-7.10,-9.62,-9.58,-5.83,-1.86,0.53,1.48,1.53,1.37,1.28,0.96,0.15,-1.18,-2.85,-4.61,-6.83,-11.34,-27.59,-15.58,-10.08,-6.31,-3.13,-1.58,-2.20,-5.57,-11.42,-9.69,-7.00,-6.26,-6.01,-6.60,-9.30,-11.17,-7.02,-4.57,-4.80,-7.44,-10.87,-11.04,-11.53,-16.51,-20.73,-11.54,-8.37,-7.97,-9.29,-11.29,-13.13,-16.81,-20.45,-12.55,-9.16,-9.29,-12.39,-13.68,-10.78,-10.50,-14.18,-29.36,-19.96,-17.12,-21.81,-22.75,-15.41,-13.32,-14.45,-18.66,-25.07,-25.26,-23.51,-22.20,-22.02,-25.06,-24.99,-19.62,-17.73,-19.35,-27.10,-28.69,-21.51,-20.46,-22.83,-30.22,-35.62,-28.74,-30.04,-43.07,-24.92,-20.95,-21.26,-26.45,-40.79,-30.03,-43.58,-24.78,-17.92,-15.90,-17.78,-27.66,-23.60,-16.00,-13.42,-12.98,-13.86,-16.15,-20.78,-29.21,-31.42,-27.16,-24.35,-20.88,-18.41,-17.64,-18.22,-19.71,-20.80,-19.59,-17.84,-17.49,-19.41,-24.70,-30.78,-25.12,-22.52,-22.23,-22.08,-20.21,-18.74,-19.20,-21.69,-24.08,-24.87,-26.55,-20.46,-15.42,-13.36,-13.78,-16.86,-23.83,-30.85,-24.25,-22.06,-21.65,-21.78,-22.83,-26.19,-30.66,-25.75,-21.98,-21.17,-23.45,-30.71,-31.71,-23.23,-20.20,-19.38,-19.57,-20.52,-22.40,-27.03,-32.80,-26.32,-24.74,-26.55,-30.86,-33.70,-31.48,-26.26,-23.08,-22.40,-23.70,-25.61,-25.68,-25.24
HUG005,X3SX4H63.DTA,R,false,85.0,-44.36,-27.77,-20.43,-13.89,-12.63,-17.00,-9.86,-2.51,0.54,-0.49,-4.37,-2.50,-0.78,-1.97,-6.84,-6.43,-1.22,-0.10,-0.62,-1.74,-3.55,-4.10,-2.14,-0.30,-0.33,-2.41,-3.66,0.88,4.18,5.11,3.90,-0.60,-23.30,-2.33,2.42,3.91,3.50,1.38,-2.07,-6.17,-9.82,-11.25,-11.58,-10.80,-10.62,-12.42,-11.10,-4.03,0.81,3.28,4.01,3.51,2.03,-0.49,-3.97,-6.74,-6.05,-4.03,-2.60,-1.83,-0.93,0.37,1.28,1.02,-0.33,-0.44,1.55,2.62,1.31,-3.74,-7.38,-1.94,-1.09,-2.74,-1.15,1.50,1.72,0.01,-0.74,0.25,0.12,-2.00,-6.00,-8.51,-5.79,-3.90,-4.05,-4.85,-4.29,-3.49,-2.66,-1.51,-1.36,-2.49,-2.02,0.39,1.53,0.87,-0.90,-2.34,-2.86,-3.30,-3.19,-1.58,0.33,1.41,1.35,0.12,-1.88,-3.35,-3.58,-4.03,-5.91,-8.60,-8.03,-6.09,-6.04,-8.87,-17.16,-16.77,-11.29,-10.64,-13.31,-19.70,-12.88,-8.24,-7.43,-9.60,-14.67,-15.79,-12.60,-12.39,-13.07,-13.44,-15.34,-19.21,-21.77,-20.95,-20.77,-19.24,-18.81,-20.32,-18.25,-14.51,-12.98,-14.25,-19.05,-31.37,-27.58,-25.83,-35.49,-32.18,-29.16,-31.04,-25.97,-23.07,-23.80,-25.43,-22.70,-20.09,-17.45,-14.99,-13.83,-14.69,-17.63,-21.07,-20.31,-18.68,-19.14,-21.44,-27.22,-39.08,-29.90,-28.20,-27.16,-26.07,-26.32,-26.97,-26.12,-22.91,-18.93,-15.97,-14.33,-14.28,-15.99,-19.38,-24.28,-28.91,-28.11,-26.64,-24.77,-21.94,-19.99,-19.33,-20.57,-26.69,-32.47,-21.47,-19.08,-20.11,-24.69,-23.92,-18.84,-17.29,-17.50,-17.71,-17.14,-16.68,-18.02,-22.46,-30.82,-31.94,-32.62,-46.74,-27.27,-22.75,-21.59,-21.80,-22.45,-22.65,-22.92,-23.89,-25.20,-23.96,-21.82,-19.66,-16.59,-14.71,-14.83,-17.41,-25.48,-28.59,-20.21,-19.34,-22.35,-25.01,-21.05,-20.67,-26.47,-24.68,-18.75,-18.05,-21.87,-23.41,-19.22,-19.35,-23.33,-26.83,-24.26,-27.40,-34.41,-22.48,-20.14,-21.36,-25.88,-36.56,-68.16
HUG005,X3SX4H62.DTA,R,false,85.0,-56.68,-27.19,-20.89,-13.47,-9.42,-7.61,-6.55,-6.01,-4.39,-2.59,-2.35,-3.60,-5.98,-10.32,-20.31,-10.25,-6.97,-11.32,-15.61,-5.18,-1.64,0.67,2.46,2.86,1.21,-1.87,-1.16,2.28,4.01,3.98,2.40,-1.95,-15.85,-3.10,2.13,3.97,3.50,0.69,-4.53,-10.73,-12.24,-11.00,-7.09,-5.66,-7.91,-12.74,-8.16,-2.80,0.11,1.14,0.76,-0.21,-0.77,-1.26,-2.72,-4.62,-5.10,-4.55,-3.99,-2.31,0.44,2.28,2.43,0.69,-1.33,0.00,1.43,0.82,-1.94,-7.02,-18.07,-6.93,-0.32,2.26,2.00,-0.75,-1.72,1.04,1.58,-1.42,-10.25,-5.81,-2.43,-4.24,-8.44,-4.55,-2.02,-2.73,-5.29,-5.94,-4.67,-3.42,-2.28,-1.56,-1.21,-1.09,-1.41,-1.61,-0.59,0.55,0.34,-1.73,-4.30,-2.73,-0.14,0.83,-0.02,-2.12,-2.22,-0.15,0.50,-1.40,-6.36,-5.84,-1.78,-0.87,-2.73,-7.45,-10.65,-8.41,-8.57,-11.51,-17.22,-24.93,-17.09,-12.00,-11.41,-15.69,-22.79,-13.82,-10.96,-11.07,-12.36,-14.74,-22.66,-18.72,-10.77,-8.58,-9.86,-15.15,-28.13,-17.31,-15.03,-15.40,-15.19,-15.25,-18.58,-22.22,-15.11,-12.68,-14.46,-22.86,-14.84,-10.19,-9.69,-11.92,-15.62,-16.31,-16.69,-18.87,-19.02,-15.55,-11.92,-10.08,-11.02,-17.35,-22.97,-12.25,-9.51,-9.83,-12.59,-17.37,-23.13,-26.14,-22.74,-19.45,-17.88,-17.55,-18.93,-22.28,-22.76,-18.97,-15.56,-13.22,-12.31,-12.89,-14.57,-17.11,-20.52,-17.40,-12.41,-10.40,-11.10,-14.67,-18.07,-15.27,-14.89,-18.69,-32.49,-23.91,-20.44,-20.46,-19.70,-19.98,-21.61,-21.92,-21.47,-23.51,-37.29,-25.75,-21.35,-22.26,-28.15,-35.30,-25.38,-22.99,-21.49,-19.69,-18.25,-16.89,-15.84,-15.76,-17.16,-19.99,-23.55,-26.33,-26.85,-24.93,-22.29,-20.95,-21.51,-22.77,-22.38,-21.35,-21.66,-23.68,-28.83,-25.56,-19.41,-17.64,-19.05,-22.36,-20.19,-18.65,-21.97,-24.35,-18.74,-17.20,-19.51,-24.46,-22.37,-21.23,-22.82,-23.39,-22.52,-24.92,-33.24
HUG005,X3SX4H59.DTA,L,false,83.4,-42.88,-33.84,-25.05,-18.72,-15.39,-13.83,-13.69,-16.23,-28.56,-17.65,-13.35,-15.24,-28.13,-16.30,-10.20,-8.05,-7.78,-6.32,-3.17,-0.92,-0.83,-3.30,-4.50,-0.62,1.96,2.51,1.66,-0.18,-2.80,-4.57,-6.42,-6.36,-2.14,-0.54,-2.48,-3.90,-0.15,1.35,2.06,4.52,6.37,5.89,2.53,-1.94,0.01,1.03,-1.71,-7.82,-6.05,-4.19,-4.35,-3.75,-3.74,-7.50,-20.08,-6.07,-2.08,-1.89,-5.25,-16.26,-10.52,-5.85,-5.69,-8.41,-14.23,-20.83,-17.44,-15.60,-16.17,-18.31,-19.98,-19.10,-17.36,-13.88,-8.81,-5.26,-4.20,-6.34,-13.97,-8.42,-3.17,-1.97,-3.27,-6.42,-9.81,-9.93,-8.11,-5.77,-2.78,-0.03,1.67,2.11,1.37,-0.28,-2.37,-4.30,-5.35,-5.21,-4.62,-4.71,-6.35,-10.29,-15.91,-15.83,-15.36,-17.66,-16.53,-13.12,-11.63,-10.25,-7.23,-4.35,-2.80,-2.53,-2.85,-3.10,-3.59,-4.94,-7.01,-9.12,-12.36,-20.28,-16.89,-11.86,-11.42,-14.48,-22.82,-27.90,-18.74,-15.77,-15.28,-16.46,-17.56,-17.73,-19.04,-23.27,-26.88,-22.74,-22.62,-25.35,-20.67,-16.43,-15.17,-16.95,-23.10,-45.94,-35.39,-34.01,-23.25,-19.99,-22.17,-35.96,-23.57,-20.09,-22.40,-28.03,-21.03,-18.75,-21.05,-28.94,-22.71,-19.08,-20.28,-25.24,-22.33,-18.96,-20.63,-31.76,-21.59,-16.59,-16.33,-20.36,-29.27,-24.00,-23.33,-26.92,-22.79,-19.95,-21.42,-25.17,-22.31,-19.77,-20.90,-23.34,-20.80,-18.67,-18.91,-22.12,-30.40,-29.52,-24.20,-22.73,-23.56,-26.12,-29.38,-27.49,-22.95,-20.56,-20.33,-22.13,-26.22,-29.05,-26.60,-26.13,-29.04,-42.12,-29.21,-23.11,-20.11,-17.92,-16.74,-17.00,-18.60,-19.66,-17.74,-16.45,-17.50,-21.20,-28.11,-32.15,-33.73,-38.06,-30.39,-26.80,-25.06,-23.16,-21.76,-22.34,-25.20,-31.06,-44.63,-40.23,-28.59,-22.36,-19.44,-18.96,-21.09,-26.44,-30.52,-31.14,-47.91,-28.99,-23.18,-21.79,-22.51,-23.26,-21.65,-18.49,-16.19,-15.89,-18.44,-26.36,-29.59,-22.96,-22.86,-27.20,-38.30
HUG006,X3SX4H57.DTA,L,false,84.2,-37.50,-36.38,-31.92,-21.01,-15.20,-12.58,-11.78,-11.09,-10.75,-11.17,-7.64,-4.16,-4.40,-8.71,-2.22,2.93,4.32,2.51,-3.57,-14.37,-8.46,-12.00,-12.65,-7.00,-7.75,-5.82,-0.05,2.82,3.41,2.33,-0.24,-4.33,-9.29,-12.00,-9.59,-5.30,-2.83,-2.46,-3.96,-6.63,-6.70,-3.57,-1.58,-1.60,-3.93,-9.62,-19.47,-13.73,-11.98,-13.38,-14.71,-12.68,-11.11,-11.94,-13.74,-10.84,-7.95,-7.94,-11.96,-32.64,-13.00,-9.32,-10.19,-15.12,-17.97,-12.49,-9.57,-8.16,-8.30,-10.89,-15.80,-12.32,-8.88,-8.71,-11.39,-16.59,-19.91,-22.44,-21.40,-13.13,-9.21,-7.99,-8.82,-11.47,-15.72,-21.79,-48.25,-21.68,-16.36,-15.19,-16.87,-20.16,-21.18,-22.28,-27.67,-23.27,-18.86,-18.07,-17.66,-15.30,-13.17,-12.41,-13.09,-15.25,-18.99,-24.04,-26.20,-22.03,-17.48,-14.15,-12.51,-12.96,-16.25,-22.68,-19.74,-17.17,-18.91,-27.23,-25.07,-17.42,-13.93,-11.83,-10.66,-10.55,-11.95,-15.58,-21.75,-19.36,-15.68,-15.01,-16.86,-21.58,-29.69,-30.35,-26.47,-22.93,-21.65,-23.70,-28.61,-26.75,-25.07,-26.62,-27.32,-26.41,-25.91,-22.64,-19.17,-17.24,-16.72,-17.56,-20.05,-24.59,-30.97,-35.83,-32.94,-28.39,-24.78,-22.66,-23.10,-28.16,-46.22,-30.17,-35.25,-27.58,-19.79,-17.42,-17.99,-19.46,-19.36,-19.73,-22.75,-27.88,-28.19,-28.95,-35.42,-40.03,-33.34,-29.13,-24.98,-22.42,-21.82,-23.56,-28.02,-26.57,-22.64,-22.16,-23.71,-22.49,-20.08,-20.14,-23.47,-31.56,-41.63,-38.70,-26.11,-21.10,-20.06,-21.64,-21.08,-17.84,-16.55,-17.71,-20.52,-20.73,-18.49,-17.28,-16.90,-16.76,-17.19,-19.07,-23.53,-32.93,-32.29,-28.08,-25.93,-23.82,-22.51,-22.30,-23.26,-25.89,-28.63,-24.02,-20.02,-18.50,-19.05,-20.82,-21.51,-21.32,-23.10,-26.81,-23.49,-20.20,-20.25,-24.20,-41.57,-28.23,-24.60,-26.60,-36.49,-27.70,-22.21,-20.85,-22.82,-31.40,-30.66,-22.56,-20.75,-22.07,-26.20,-33.85,-36.29,-28.45,-25.46,-26.02,-28.06,-26.04,-24.49
HUG006,X3SX4H58.DTA,R,false,84.5,-45.80,-34.63,-27.89,-26.53,-24.32,-20.89,-21.09,-26.07,-19.37,-16.53,-21.20,-15.48,-10.72,-10.22,-8.92,-5.06,-2.80,-3.14,-6.84,-18.40,-7.28,-3.03,-3.39,-6.47,-4.30,-0.80,-0.33,-2.93,-8.98,-13.73,-12.69,-17.18,-21.10,-15.75,-14.97,-10.03,-5.79,-3.88,-4.03,-6.22,-10.05,-14.63,-21.23,-39.35,-20.59,-15.99,-14.72,-15.53,-16.60,-14.81,-12.54,-11.84,-12.89,-13.85,-12.67,-11.71,-11.95,-13.17,-15.81,-21.96,-30.24,-21.73,-18.85,-17.09,-15.37,-14.17,-13.01,-11.84,-11.28,-11.24,-11.93,-13.63,-16.74,-19.18,-14.67,-11.75,-11.68,-14.92,-21.96,-17.14,-14.06,-14.56,-17.52,-18.93,-17.19,-16.73,-17.54,-17.47,-15.74,-14.38,-14.44,-16.65,-22.26,-30.33,-22.94,-20.24,-20.64,-22.40,-24.08,-23.55,-19.65,-16.70,-15.96,-17.27,-20.09,-22.79,-25.08,-29.93,-46.30,-30.11,-22.16,-18.42,-17.98,-21.31,-33.46,-28.94,-24.09,-25.27,-29.71,-32.19,-27.40,-21.99,-18.97,-18.81,-22.40,-27.62,-21.50,-18.89,-20.31,-26.42,-26.94,-21.58,-20.62,-23.36,-30.69,-27.47,-22.15,-20.41,-20.61,-22.29,-26.73,-38.13,-29.93,-25.27,-24.80,-27.80,-28.39,-23.38,-20.28,-19.30,-19.89,-21.50,-23.78,-25.14,-23.64,-20.32,-17.57,-16.13,-16.26,-18.16,-21.80,-26.22,-29.22,-36.46,-33.55,-24.62,-22.00,-22.97,-27.12,-24.80,-20.88,-20.34,-23.28,-31.95,-28.41,-25.15,-27.49,-32.29,-24.55,-20.42,-19.15,-19.59,-21.27,-24.03,-26.94,-27.49,-26.07,-25.21,-26.54,-34.13,-32.51,-24.73,-23.74,-27.25,-34.54,-31.30,-35.82,-33.48,-25.37,-25.71,-39.46,-25.70,-20.22,-19.76,-22.57,-27.34,-33.91,-34.32,-23.58,-19.42,-18.35,-19.16,-21.01,-24.07,-28.78,-25.32,-21.17,-19.55,-19.33,-20.34,-23.24,-29.27,-27.89,-23.88,-24.45,-29.27,-29.85,-26.74,-27.99,-33.85,-39.85,-33.49,-27.66,-26.85,-33.88,-29.78,-23.08,-22.86,-28.15,-28.48,-24.96,-27.76,-48.49,-29.45,-25.57,-25.02,-27.76,-38.08,-23.19,-18.03,-16.65,-17.75,-18.86,-17.05,-15.99,-17.32,-19.12
HUG007,X3SX4H66.DTA,L,false,82.8,-41.27,-37.70,-28.11,-22.63,-20.47,-16.87,-11.92,-7.18,-4.49,-5.76,-15.76,-4.62,-0.33,-1.53,-6.98,-0.50,3.44,3.89,2.70,0.89,-2.90,-14.04,-7.56,-3.61,-5.21,-9.06,-7.19,-4.90,-4.07,-5.97,-7.99,1.38,6.63,9.05,9.42,8.17,6.40,5.92,5.98,4.78,1.67,-3.50,-10.87,-13.35,-9.02,-7.73,-10.88,-16.72,-6.64,-2.63,-1.80,-3.68,-9.16,-10.34,-5.10,-3.24,-2.77,-1.11,1.04,1.80,0.54,-2.88,-6.49,-6.82,-8.99,-21.00,-12.40,-5.91,-3.63,-3.34,-4.98,-9.76,-27.02,-15.24,-11.22,-8.99,-6.08,-4.25,-4.19,-5.84,-8.87,-12.42,-14.55,-11.78,-8.22,-6.35,-5.25,-3.38,-1.31,-0.32,-0.81,-2.61,-5.10,-7.97,-12.70,-21.57,-17.85,-16.90,-20.47,-19.57,-19.71,-30.79,-16.58,-12.25,-12.34,-13.05,-11.06,-10.47,-13.01,-13.46,-9.53,-8.10,-9.26,-12.65,-17.86,-21.83,-18.97,-16.74,-16.77,-17.30,-16.76,-17.36,-21.24,-23.63,-17.44,-14.73,-14.70,-16.20,-17.88,-17.94,-16.17,-14.83,-15.83,-21.39,-29.77,-18.33,-15.47,-15.35,-15.26,-14.60,-15.01,-17.24,-20.96,-22.03,-20.26,-19.20,-19.44,-22.19,-30.80,-29.82,-23.42,-22.39,-21.21,-18.90,-18.30,-20.22,-26.06,-41.14,-31.79,-28.19,-24.71,-22.33,-21.02,-20.05,-19.46,-20.34,-24.32,-40.38,-28.07,-25.09,-28.46,-37.56,-27.43,-24.51,-25.30,-25.52,-23.90,-23.97,-26.94,-35.59,-33.99,-28.18,-25.51,-23.38,-21.91,-21.36,-21.27,-21.58,-23.67,-30.00,-34.79,-27.42,-26.37,-30.17,-37.91,-30.67,-27.33,-25.75,-24.76,-24.93,-26.57,-27.05,-24.52,-22.78,-22.84,-22.95,-21.15,-19.73,-20.32,-24.33,-29.96,-23.44,-21.77,-25.17,-35.52,-26.88,-27.57,-36.74,-23.02,-19.93,-21.92,-27.78,-22.25,-19.79,-21.69,-27.30,-27.24,-24.74,-25.24,-26.59,-27.46,-29.00,-34.14,-40.38,-27.95,-23.44,-22.00,-22.56,-25.25,-32.49,-29.18,-22.37,-19.07,-17.87,-18.73,-22.27,-26.64,-25.42,-29.18,-28.28,-19.32,-16.69,-17.79,-22.90,-34.10,-35.34,-36.10
HUG007,X3SX4H67.DTA,L,false,82.8,-50.52,-30.04,-20.14,-17.93,-10.41,-3.48,-0.15,-0.14,-4.78,-6.15,-0.44,1.11,1.43,1.89,1.43,-0.61,-2.41,-3.20,-3.08,-2.22,-3.31,-7.93,-18.42,-6.15,-3.19,-4.47,-9.91,-14.32,-6.91,-7.07,-25.27,-0.43,5.83,8.60,9.14,7.96,6.30,5.86,5.56,3.51,-1.14,-6.28,-6.77,-8.46,-14.30,-18.07,-18.55,-17.35,-8.91,-5.61,-4.84,-5.82,-8.20,-11.07,-13.02,-9.12,-3.03,0.94,2.78,2.70,0.58,-4.09,-8.83,-7.27,-6.89,-8.19,-9.80,-10.93,-8.61,-5.60,-4.94,-7.42,-17.16,-13.58,-6.76,-5.24,-6.54,-10.93,-16.12,-9.80,-6.71,-6.50,-8.37,-11.24,-10.68,-8.23,-7.53,-8.97,-11.18,-8.34,-4.78,-3.31,-3.55,-4.87,-6.34,-7.64,-10.00,-15.70,-28.75,-15.86,-13.21,-15.06,-18.85,-16.77,-15.59,-16.49,-16.21,-15.48,-17.64,-22.26,-18.25,-15.04,-13.73,-12.99,-13.26,-15.95,-24.39,-26.33,-17.21,-14.64,-14.89,-17.06,-19.69,-19.49,-18.32,-19.38,-23.48,-28.54,-25.08,-20.39,-16.91,-15.51,-16.63,-21.09,-36.29,-27.59,-26.09,-27.89,-22.95,-20.96,-22.68,-31.95,-27.89,-22.10,-23.72,-43.93,-22.63,-17.13,-16.29,-19.58,-26.04,-21.07,-18.31,-18.83,-21.20,-22.05,-22.18,-24.52,-29.98,-29.86,-25.72,-22.74,-20.27,-19.69,-21.02,-23.55,-26.57,-26.23,-21.32,-18.68,-18.81,-19.60,-17.34,-14.36,-13.46,-15.16,-19.08,-22.25,-21.30,-21.33,-24.65,-30.74,-31.82,-30.36,-30.42,-27.33,-25.03,-24.67,-23.71,-20.19,-18.62,-20.24,-25.58,-37.08,-35.15,-33.76,-25.44,-21.90,-21.63,-24.29,-27.21,-25.15,-24.74,-26.17,-31.72,-37.68,-26.32,-21.57,-19.45,-19.42,-20.86,-23.74,-24.14,-20.27,-17.84,-17.65,-20.13,-25.00,-27.35,-25.93,-25.85,-27.56,-28.35,-29.07,-28.48,-28.28,-29.05,-28.51,-29.18,-34.71,-34.27,-29.08,-26.21,-24.06,-24.92,-30.98,-32.21,-25.93,-27.51,-34.77,-24.87,-22.45,-24.38,-26.35,-21.99,-20.05,-21.85,-28.80,-38.71,-31.41,-37.70,-33.90,-27.52,-31.37,-28.84,-21.06,-19.13
HUG007,X3SX4H65.DTA,L,false,82.8,-47.34,-35.54,-26.13,-18.27,-14.94,-16.03,-17.83,-8.91,-4.06,-2.83,-4.18,-6.50,-10.84,-22.88,-5.32,-0.37,0.69,-1.06,-2.97,-4.05,-9.75,-15.02,-4.17,-2.63,-6.74,-14.41,-6.24,-4.27,-5.57,-9.63,-4.92,2.45,6.57,8.49,8.66,7.49,6.25,6.31,6.62,5.82,3.69,0.57,-3.29,-8.15,-15.09,-27.58,-26.44,-17.70,-10.22,-5.76,-3.27,-2.71,-4.65,-11.14,-15.87,-6.84,-3.64,-1.52,0.60,1.71,0.99,-2.18,-8.10,-12.30,-17.38,-12.88,-4.92,-2.50,-3.37,-6.14,-7.56,-9.72,-28.62,-7.26,-1.76,-0.62,-2.79,-9.91,-11.98,-5.44,-4.20,-5.37,-6.52,-5.97,-5.22,-4.82,-4.46,-4.51,-5.06,-4.78,-3.57,-3.22,-4.49,-6.42,-6.50,-6.12,-7.75,-11.79,-12.63,-9.70,-9.29,-12.38,-21.63,-21.42,-21.46,-26.64,-12.35,-8.29,-8.43,-13.20,-20.83,-13.10,-12.25,-18.22,-23.46,-13.21,-11.35,-12.54,-15.73,-19.89,-23.70,-26.58,-21.02,-15.16,-12.17,-11.34,-12.19,-14.51,-17.62,-20.69,-21.84,-17.59,-14.40,-13.35,-14.20,-16.81,-20.38,-22.74,-23.35,-25.87,-38.70,-23.05,-17.12,-15.68,-18.20,-27.30,-21.34,-16.23,-15.40,-16.92,-17.38,-15.58,-14.54,-15.10,-17.53,-21.99,-27.10,-29.00,-29.01,-28.08,-26.25,-23.77,-20.64,-18.40,-17.82,-19.28,-23.46,-27.08,-25.37,-26.32,-33.27,-28.09,-21.30,-19.04,-19.28,-21.82,-28.66,-33.07,-22.75,-18.86,-17.28,-17.04,-17.35,-17.26,-16.53,-15.72,-15.23,-15.05,-15.32,-16.20,-18.01,-21.63,-27.60,-32.73,-28.50,-23.46,-21.37,-22.95,-31.40,-33.50,-26.86,-29.30,-39.87,-24.08,-20.05,-19.77,-23.12,-38.20,-24.27,-19.37,-18.97,-21.83,-28.64,-34.43,-37.98,-29.65,-21.91,-18.96,-18.63,-20.56,-24.54,-29.18,-31.54,-28.21,-23.11,-20.60,-20.39,-20.39,-18.56,-17.11,-17.63,-20.42,-24.62,-26.39,-27.00,-30.41,-36.17,-40.46,-39.59,-29.42,-24.71,-22.81,-23.50,-27.58,-39.85,-28.58,-24.22,-24.49,-25.49,-22.76,-21.04,-22.20,-26.94,-29.59,-26.87,-28.31,-31.68
HUG007,X3SX4H68.DTA,R,false,84.2,-42.04,-36.76,-25.72,-21.60,-22.90,-25.52,-10.43,-3.78,-0.60,-0.68,-4.92,-8.68,-1.41,1.40,-0.07,-11.35,-2.92,3.97,5.88,4.77,1.06,-2.18,-0.28,1.38,0.72,-0.01,5.33,9.54,11.00,9.07,-1.47,8.51,15.17,17.83,18.41,17.49,15.23,11.17,2.60,-2.70,5.69,6.31,2.32,-9.69,-0.36,3.64,4.41,3.68,2.16,0.03,-3.74,-13.49,-8.95,-3.13,-2.06,-3.92,-9.78,-20.02,-8.29,-4.67,-2.85,-1.21,-0.04,-0.31,-2.96,-10.38,-17.98,-8.67,-7.58,-6.55,-3.94,-2.97,-4.80,-10.23,-12.26,-10.06,-14.91,-14.48,-4.63,-1.33,-1.18,-3.77,-9.98,-13.19,-8.92,-8.73,-8.31,-4.89,-2.67,-2.69,-5.19,-11.05,-20.62,-13.90,-10.12,-9.16,-9.97,-12.65,-18.67,-14.60,-9.61,-9.24,-13.15,-13.50,-8.67,-7.94,-11.36,-16.40,-11.32,-8.70,-8.92,-11.75,-15.74,-13.88,-13.88,-21.88,-15.20,-9.27,-8.54,-10.59,-10.21,-8.24,-8.88,-12.57,-15.13,-13.40,-13.62,-15.02,-15.80,-14.73,-11.76,-9.77,-10.15,-13.10,-16.80,-15.24,-14.06,-16.33,-23.55,-30.65,-21.89,-19.74,-17.79,-14.22,-11.29,-10.01,-10.56,-12.88,-16.15,-15.10,-11.84,-10.43,-10.86,-13.35,-19.47,-21.00,-15.82,-14.97,-18.41,-34.16,-21.69,-19.71,-23.44,-18.78,-13.59,-12.45,-14.96,-22.49,-21.12,-16.15,-16.29,-21.93,-28.50,-16.80,-13.75,-14.60,-19.59,-27.84,-21.46,-21.06,-22.18,-18.49,-18.01,-24.67,-23.05,-14.21,-11.93,-13.42,-19.53,-20.70,-14.72,-13.57,-15.82,-21.42,-23.31,-19.02,-17.65,-18.25,-18.63,-17.02,-14.85,-13.69,-14.54,-18.79,-32.68,-18.34,-14.34,-15.17,-21.53,-19.53,-13.50,-12.30,-14.90,-23.36,-24.18,-18.85,-18.49,-18.14,-15.76,-14.23,-14.33,-15.95,-18.94,-21.26,-19.03,-17.06,-17.53,-21.11,-25.56,-20.25,-17.52,-17.45,-18.39,-19.11,-19.51,-20.06,-20.95,-21.40,-20.62,-19.48,-19.77,-23.09,-31.86,-24.98,-20.10,-18.08,-17.85,-21.81,-31.46,-16.65,-13.30,-14.45,-20.97,-19.84,-15.89,-18.46,-41.22
HUG007,X3SX4H70.DTA,R,false,84.2,-39.38,-32.26,-23.91,-24.31,-16.43,-12.57,-11.86,-12.19,-10.48,-11.14,-13.35,-6.37,-2.27,-2.19,-14.00,-0.49,6.93,9.85,10.15,7.89,2.11,-6.55,1.15,4.59,4.68,2.23,5.48,10.32,12.13,10.46,1.12,9.35,16.04,18.59,18.89,17.45,14.39,9.49,1.26,1.77,6.53,6.98,3.67,-2.63,2.14,5.07,4.45,1.05,-1.15,0.43,-0.35,-5.23,-6.64,-1.97,-1.20,-3.46,-9.20,-28.63,-10.76,-6.07,-4.42,-4.17,-5.06,-7.25,-10.30,-12.98,-14.21,-13.05,-10.06,-7.69,-6.85,-7.55,-9.59,-11.52,-10.87,-10.08,-10.95,-13.94,-18.86,-21.26,-16.80,-11.89,-9.50,-9.82,-13.89,-14.38,-8.44,-6.52,-7.40,-10.35,-13.60,-14.90,-15.18,-11.31,-9.00,-9.99,-14.67,-25.61,-23.38,-14.33,-9.19,-7.84,-10.58,-16.09,-10.51,-9.23,-15.08,-9.69,-3.52,-1.81,-2.99,-6.91,-13.32,-14.29,-10.57,-8.29,-7.69,-8.26,-9.06,-10.49,-14.19,-22.44,-28.18,-28.43,-22.34,-16.83,-15.91,-16.05,-15.53,-16.45,-21.15,-42.14,-27.49,-28.39,-19.61,-16.48,-19.09,-19.67,-10.95,-7.18,-6.37,-7.77,-11.26,-16.42,-18.49,-17.02,-16.03,-15.25,-14.21,-12.98,-12.36,-13.10,-14.81,-16.55,-17.84,-16.63,-14.28,-13.53,-15.25,-18.56,-18.74,-16.78,-15.80,-15.92,-16.09,-16.20,-18.18,-27.03,-24.50,-17.78,-17.10,-20.63,-35.89,-25.25,-19.00,-15.18,-13.21,-13.30,-15.33,-18.21,-18.36,-17.68,-18.69,-20.90,-22.59,-21.05,-17.48,-15.34,-15.41,-17.36,-19.12,-18.35,-18.24,-20.36,-24.56,-31.97,-27.09,-20.82,-17.87,-17.76,-20.68,-22.75,-18.88,-16.13,-15.12,-15.59,-17.24,-19.98,-26.36,-29.75,-18.82,-14.60,-13.05,-13.57,-15.89,-19.95,-27.40,-49.05,-31.59,-30.76,-27.62,-22.70,-20.79,-21.85,-25.79,-33.72,-44.80,-35.40,-26.81,-23.14,-22.94,-27.01,-33.77,-21.11,-16.32,-14.26,-13.86,-15.07,-18.56,-26.27,-31.34,-24.73,-22.03,-20.15,-18.56,-17.52,-17.85,-21.07,-32.41,-27.17,-21.44,-19.98,-21.01,-26.01,-23.27,-17.13,-15.40
HUG007,X3SX4H69.DTA,R,false,84.2,-43.56,-33.06,-22.42,-16.40,-14.08,-14.74,-18.69,-13.54,-8.38,-8.45,-13.07,-7.98,-2.37,-0.97,-5.26,-8.54,2.92,7.26,8.72,7.89,4.61,-0.45,1.34,4.54,4.42,0.51,4.32,9.93,11.92,10.33,0.29,8.35,15.48,18.22,18.78,17.75,15.36,11.31,3.61,-5.36,4.39,5.51,2.30,-1.84,2.64,5.13,5.01,3.04,-0.23,-4.48,-7.98,-5.51,-3.06,-3.01,-4.95,-7.38,-8.55,-10.16,-11.92,-8.02,-4.26,-2.45,-2.29,-3.52,-5.90,-9.35,-14.40,-20.22,-17.29,-14.29,-12.97,-12.22,-11.88,-11.87,-10.62,-7.82,-5.66,-5.44,-7.99,-15.15,-23.48,-14.79,-9.78,-6.14,-5.00,-6.90,-12.94,-20.22,-15.18,-11.96,-7.60,-4.86,-4.33,-5.80,-8.68,-8.63,-5.84,-4.66,-6.20,-13.31,-13.70,-5.70,-3.73,-4.77,-6.86,-5.22,-2.78,-2.19,-3.34,-5.53,-7.06,-7.56,-9.97,-19.74,-15.91,-9.31,-8.14,-10.12,-15.51,-28.59,-22.97,-15.27,-10.88,-8.38,-7.53,-8.21,-10.62,-14.61,-14.02,-11.23,-11.41,-16.36,-26.94,-12.21,-8.83,-9.01,-12.34,-22.55,-21.19,-15.69,-16.41,-20.80,-22.80,-20.21,-19.59,-17.03,-14.22,-13.28,-13.89,-15.65,-18.17,-19.64,-17.93,-16.17,-16.09,-17.18,-16.03,-13.72,-13.08,-14.30,-17.71,-25.40,-36.82,-25.60,-22.12,-20.57,-21.56,-27.98,-30.99,-20.54,-16.00,-13.60,-12.50,-12.56,-14.29,-17.27,-17.98,-16.96,-16.78,-17.23,-18.21,-20.83,-26.42,-31.18,-23.23,-16.58,-12.42,-10.64,-11.05,-13.21,-16.07,-18.49,-19.66,-18.21,-17.43,-19.75,-28.83,-30.42,-24.88,-27.07,-24.48,-20.45,-19.27,-19.25,-18.82,-18.67,-19.31,-19.83,-18.84,-17.37,-16.66,-16.57,-17.52,-20.36,-26.07,-28.01,-21.74,-18.60,-17.54,-17.00,-15.89,-14.84,-15.04,-17.80,-27.38,-22.79,-17.17,-16.94,-20.67,-20.08,-15.29,-13.93,-15.42,-19.95,-24.84,-20.68,-18.75,-19.20,-20.99,-23.41,-26.72,-30.93,-22.94,-17.83,-16.05,-17.21,-21.15,-22.48,-21.35,-23.92,-30.45,-28.48,-30.05,-33.27,-27.16,-28.69,-42.48
HUG008,X3SX4H78.DTA,L,false,84.0,-39.82,-33.36,-27.02,-22.11,-17.37,-14.04,-12.83,-14.54,-14.89,-10.84,-10.04,-12.36,-16.58,-20.25,-29.98,-13.64,-6.21,-2.51,-1.11,-1.51,-2.50,-3.15,-4.99,-12.58,-8.55,1.29,5.76,7.84,8.47,8.06,6.71,5.26,6.05,8.28,9.29,8.30,4.86,-2.97,-8.23,-1.91,-1.72,-4.41,-2.52,2.02,4.26,4.53,3.78,3.96,5.04,4.97,2.60,-2.84,-5.22,-2.66,-3.38,-5.46,-5.14,-5.21,-3.28,1.31,3.86,3.93,1.46,-3.33,-4.11,-2.02,-2.41,-5.54,-9.57,-6.71,-3.66,-2.74,-3.51,-4.96,-5.37,-5.02,-5.75,-8.58,-13.95,-13.00,-7.46,-5.22,-6.66,-16.53,-9.84,-3.30,-2.42,-6.00,-22.84,-10.52,-7.34,-9.87,-15.81,-16.45,-20.55,-14.09,-8.37,-7.15,-9.50,-17.20,-21.06,-12.13,-9.06,-8.83,-12.11,-26.67,-14.75,-9.49,-8.07,-8.40,-9.66,-11.59,-14.26,-15.33,-12.38,-10.39,-10.95,-14.72,-23.79,-23.88,-25.47,-25.00,-14.71,-11.99,-13.58,-18.70,-15.17,-12.39,-14.41,-23.98,-21.72,-18.65,-24.59,-22.14,-16.08,-15.89,-19.76,-25.66,-22.71,-20.18,-19.42,-18.44,-15.52,-13.04,-12.69,-15.15,-22.89,-25.69,-18.47,-17.71,-19.55,-19.07,-16.85,-17.31,-22.11,-23.01,-17.81,-16.49,-15.64,-13.30,-12.19,-14.03,-21.34,-22.02,-14.95,-13.62,-15.59,-21.11,-35.63,-31.40,-32.00,-44.20,-27.86,-24.07,-23.52,-25.19,-27.94,-28.67,-27.19,-24.42,-21.46,-19.17,-17.63,-16.81,-16.94,-18.48,-22.16,-26.89,-23.62,-20.24,-18.56,-17.98,-18.73,-21.01,-20.93,-17.11,-14.66,-14.34,-16.29,-20.43,-23.45,-23.53,-26.92,-33.21,-25.06,-24.36,-35.11,-24.35,-17.07,-14.53,-14.69,-17.06,-21.20,-23.59,-22.46,-21.20,-19.56,-18.43,-18.91,-21.85,-29.61,-32.04,-22.81,-18.82,-16.96,-16.63,-17.86,-21.07,-25.31,-25.04,-23.14,-21.28,-19.36,-18.77,-20.66,-27.05,-33.66,-24.72,-23.35,-26.53,-37.15,-35.60,-31.27,-30.49,-27.55,-23.64,-20.37,-18.44,-18.49,-21.14,-28.17,-29.45,-24.19,-23.99,-27.11,-33.19,-40.52
HUG008,X3SX4H80.DTA,L,false,83.4,-41.03,-35.17,-31.72,-17.00,-6.94,-1.26,1.31,1.02,-2.80,-12.22,-6.26,-3.27,-4.78,-5.54,-0.58,1.96,1.81,0.64,1.40,3.20,4.48,5.20,4.99,2.66,-6.29,-0.18,7.42,10.35,10.66,8.42,3.10,4.23,9.24,11.25,11.03,8.76,3.87,-5.65,-2.55,1.50,1.78,0.02,-0.20,2.12,3.47,3.76,4.44,5.63,5.87,4.15,0.13,-1.06,1.93,2.74,1.34,-1.61,-5.56,-9.87,-6.97,-2.44,0.06,1.14,1.04,-0.38,-3.67,-10.88,-21.11,-8.56,-5.14,-3.66,-1.68,0.93,2.62,2.60,0.58,-3.42,-6.08,-5.30,-6.02,-9.70,-20.55,-11.90,-5.51,-3.28,-3.22,-3.49,-2.90,-3.04,-5.35,-10.12,-13.85,-14.56,-16.81,-19.59,-23.62,-11.21,-4.92,-1.83,-0.66,-0.84,-2.26,-5.29,-10.80,-15.65,-13.77,-15.64,-27.30,-18.34,-13.96,-13.55,-11.72,-8.13,-6.23,-6.81,-10.74,-20.46,-15.37,-14.06,-21.02,-15.89,-10.29,-9.81,-12.22,-12.05,-9.40,-8.49,-8.67,-8.86,-9.42,-10.84,-12.00,-12.18,-13.37,-18.06,-48.21,-20.13,-16.74,-16.65,-15.92,-14.38,-14.92,-18.66,-19.09,-15.42,-15.89,-23.90,-22.67,-14.50,-12.33,-12.88,-16.01,-23.52,-23.64,-18.72,-19.99,-28.78,-18.23,-13.63,-13.61,-19.00,-23.05,-13.74,-11.41,-12.64,-17.69,-27.63,-20.30,-16.71,-15.36,-15.70,-18.12,-18.25,-13.87,-11.68,-12.50,-18.01,-27.01,-15.22,-13.28,-16.87,-28.96,-13.15,-8.64,-7.29,-8.00,-10.74,-16.66,-33.45,-23.73,-21.53,-18.82,-14.68,-12.59,-12.34,-13.16,-14.84,-18.39,-26.34,-33.16,-25.61,-19.74,-15.98,-15.25,-17.69,-20.93,-17.50,-15.32,-15.87,-18.55,-21.63,-21.31,-19.68,-18.96,-19.18,-20.52,-24.95,-30.11,-20.86,-17.79,-19.02,-27.95,-25.17,-17.92,-16.83,-19.50,-26.95,-45.65,-30.86,-19.38,-13.79,-11.27,-10.99,-12.50,-15.05,-17.48,-20.57,-28.37,-29.07,-22.78,-22.40,-25.69,-32.43,-29.73,-23.83,-20.86,-20.12,-21.00,-22.15,-21.81,-20.85,-20.83,-23.07,-25.93,-18.17,-12.80,-10.04,-9.17
HUG008,X3SX4H83.DTA,R,false,84.2,-38.73,-36.34,-25.32,-21.98,-22.01,-32.86,-14.46,-6.81,-3.53,-3.49,-6.59,-11.10,-9.14,-5.79,-3.33,-1.17,1.42,3.95,5.02,3.43,-0.15,3.44,5.74,3.27,4.42,11.43,14.78,15.73,15.24,13.75,10.69,4.22,5.91,10.94,11.80,9.51,4.28,0.88,1.56,-0.58,-1.95,1.20,2.85,1.67,-2.58,0.89,6.26,8.63,8.80,6.97,2.75,-3.41,-2.21,-1.12,-4.39,-12.80,-5.20,-0.61,1.02,0.77,0.05,1.08,2.41,2.16,0.01,-3.25,-4.78,-4.23,-3.83,-4.34,-4.40,-1.49,1.44,2.66,2.17,0.22,-2.46,-4.55,-6.04,-7.88,-9.74,-10.00,-8.05,-6.10,-5.83,-7.86,-12.89,-19.43,-16.07,-12.00,-8.50,-6.21,-5.19,-5.06,-5.61,-7.19,-10.79,-18.67,-23.93,-11.36,-5.07,-1.89,-1.30,-3.08,-5.50,-4.86,-4.38,-6.19,-7.95,-5.40,-2.52,-1.17,-1.77,-5.07,-10.99,-9.20,-7.78,-10.78,-14.76,-12.92,-12.80,-9.62,-6.24,-6.06,-9.20,-11.09,-8.83,-10.32,-21.60,-13.13,-8.49,-9.51,-17.03,-20.87,-11.91,-9.84,-9.78,-10.33,-10.54,-10.57,-12.49,-22.18,-16.35,-9.68,-8.95,-12.54,-15.56,-11.32,-11.50,-18.98,-20.74,-13.44,-12.98,-12.69,-10.84,-11.32,-16.24,-20.17,-14.00,-12.83,-15.04,-18.94,-19.99,-18.48,-18.31,-23.08,-26.22,-14.23,-10.29,-9.57,-11.54,-17.24,-26.46,-15.28,-10.02,-7.31,-6.70,-8.61,-14.77,-28.09,-14.61,-12.42,-13.72,-17.16,-21.17,-20.21,-15.60,-12.86,-12.41,-14.15,-18.00,-23.79,-30.32,-35.37,-33.66,-29.63,-27.37,-25.35,-21.84,-17.67,-14.41,-12.40,-11.43,-11.65,-13.53,-17.73,-23.80,-22.93,-22.52,-23.81,-20.83,-19.16,-21.10,-27.57,-25.15,-22.30,-24.92,-30.75,-25.09,-23.88,-27.99,-25.32,-20.54,-19.71,-21.99,-26.56,-24.98,-21.49,-20.49,-21.58,-24.08,-24.73,-22.97,-22.45,-22.94,-22.52,-21.11,-20.42,-21.21,-23.28,-26.61,-34.77,-32.29,-22.82,-18.84,-17.36,-18.23,-22.18,-31.04,-28.26,-24.39,-24.07,-25.81,-32.80,-32.45,-23.31,-21.29
HUG008,X3SX4H81.DTA,R,false,84.2,-35.52,-37.02,-24.14,-19.72,-17.05,-22.00,-14.82,-4.31,0.23,1.50,0.46,-2.16,-5.84,-8.05,-5.20,-1.29,1.34,2.90,3.54,3.66,5.53,8.13,8.39,4.16,-0.89,9.22,12.76,13.52,13.20,12.46,10.14,3.60,4.49,10.24,11.15,8.66,2.94,-0.50,0.29,-1.57,-0.81,2.22,3.86,3.67,1.06,-2.16,2.81,6.80,8.12,6.89,1.93,-15.49,-1.13,0.41,-4.88,-6.07,0.03,1.45,1.54,1.93,1.82,1.00,0.42,-0.53,-4.11,-13.49,-6.58,-2.69,-2.82,-6.47,-18.98,-8.10,-1.64,1.48,2.92,3.03,1.91,-0.03,-1.34,-1.48,-2.20,-4.78,-9.90,-15.72,-14.39,-12.40,-11.92,-13.54,-18.04,-14.84,-11.32,-11.02,-10.36,-9.12,-10.56,-13.51,-8.55,-6.21,-8.00,-8.74,-5.12,-4.98,-9.43,-6.14,-1.44,-0.99,-4.92,-17.83,-5.33,-1.71,-2.38,-7.73,-19.52,-8.65,-8.47,-18.96,-12.52,-7.21,-8.63,-17.13,-13.75,-10.53,-10.32,-6.14,-3.03,-2.89,-5.53,-7.78,-5.74,-5.38,-8.29,-12.12,-11.04,-12.20,-17.73,-12.09,-8.17,-7.62,-8.75,-10.35,-12.82,-18.35,-33.60,-30.39,-29.34,-23.68,-18.23,-12.73,-9.05,-8.08,-10.36,-17.87,-17.14,-12.33,-12.74,-17.99,-21.93,-14.50,-12.01,-12.42,-14.11,-13.37,-11.52,-11.05,-11.93,-13.82,-16.64,-19.46,-17.67,-13.77,-10.89,-9.28,-8.98,-9.96,-11.71,-13.07,-13.73,-14.30,-14.85,-15.14,-15.35,-16.22,-19.08,-26.73,-23.61,-17.85,-16.34,-16.40,-16.44,-17.10,-19.91,-26.55,-27.12,-25.44,-31.21,-24.32,-18.66,-17.13,-17.66,-16.22,-13.05,-11.46,-11.96,-14.71,-20.21,-28.11,-28.73,-23.34,-18.87,-15.65,-13.42,-12.36,-12.65,-14.27,-16.81,-18.99,-18.79,-17.83,-18.59,-20.39,-18.45,-16.06,-16.00,-17.11,-16.19,-15.42,-17.30,-19.90,-17.00,-15.17,-16.52,-20.63,-24.02,-25.33,-25.70,-19.91,-16.13,-15.29,-17.26,-22.60,-21.50,-15.75,-13.33,-13.38,-15.85,-22.06,-35.66,-28.73,-34.82,-31.42,-24.47,-25.68,-52.76,-24.64,-21.14,-23.94,-41.27
HUG008,X3SX4H79.DTA,L,false,84.2,-55.86,-39.90,-32.69,-19.82,-13.79,-11.44,-13.56,-12.61,-5.29,-2.34,-3.09,-7.89,-2.89,2.67,5.02,5.40,4.56,4.09,5.56,7.61,8.95,9.03,7.27,2.14,-2.57,6.25,10.27,11.77,11.48,9.23,4.45,4.38,9.16,11.18,10.85,8.31,3.00,-9.31,-5.84,-0.24,1.06,0.78,1.31,3.19,4.69,5.80,7.07,7.97,7.55,5.09,0.56,-0.24,1.72,1.07,-1.50,-2.96,-4.78,-12.84,-2.42,3.34,5.34,4.84,1.84,-4.71,-7.35,-1.98,0.08,0.38,0.19,0.62,1.41,1.59,0.72,-1.34,-4.75,-7.96,-6.05,-3.76,-3.37,-4.65,-7.88,-14.24,-10.02,-4.83,-3.31,-5.00,-11.88,-16.15,-7.74,-6.44,-9.24,-15.00,-10.41,-7.02,-5.37,-3.44,-1.92,-1.90,-3.80,-8.06,-17.62,-16.04,-8.67,-6.90,-9.06,-16.94,-14.81,-11.45,-14.31,-15.96,-9.81,-7.98,-9.36,-11.11,-9.51,-8.32,-8.21,-6.69,-4.41,-3.64,-5.42,-12.23,-16.37,-7.11,-5.03,-6.34,-11.30,-23.35,-15.60,-12.20,-11.78,-12.10,-11.65,-10.48,-9.71,-10.09,-12.17,-16.47,-21.07,-21.24,-22.52,-23.28,-20.20,-18.04,-14.77,-11.44,-10.27,-12.04,-18.47,-18.44,-13.13,-12.45,-13.94,-14.22,-13.88,-16.79,-30.99,-17.87,-13.37,-13.58,-17.92,-23.61,-18.79,-18.17,-21.08,-17.78,-14.31,-14.56,-18.26,-17.08,-12.35,-10.52,-10.64,-11.64,-12.85,-14.49,-16.15,-16.11,-15.80,-17.21,-20.96,-25.53,-25.06,-24.10,-26.09,-33.87,-26.82,-22.47,-24.76,-35.73,-19.73,-15.64,-15.17,-15.53,-13.67,-12.15,-12.79,-15.32,-17.43,-18.50,-19.44,-16.45,-14.15,-14.73,-18.48,-24.95,-26.62,-25.58,-23.41,-23.18,-28.67,-24.42,-16.71,-13.24,-12.07,-12.74,-15.25,-19.10,-20.53,-20.63,-24.36,-36.63,-26.35,-23.62,-24.68,-26.13,-24.27,-20.27,-17.71,-17.84,-21.92,-31.26,-23.12,-21.28,-24.35,-32.30,-28.50,-25.13,-23.74,-23.86,-25.60,-24.92,-22.99,-23.80,-28.13,-37.10,-31.64,-22.40,-18.22,-17.15,-18.91,-24.36,-33.13,-27.68,-26.55,-29.67,-35.17
HUG008,X3SX4H77.DTA,L,false,84.0,-49.84,-27.18,-19.47,-20.26,-19.43,-6.80,-2.97,-4.40,-8.72,-0.98,2.31,1.66,-2.88,-14.41,-8.76,-4.64,-2.93,-1.67,-0.76,-0.50,-0.56,-0.06,0.79,0.59,-2.12,-3.43,3.36,7.49,9.08,8.46,5.16,0.01,4.65,8.32,8.98,6.98,1.23,-16.82,-1.10,2.02,1.52,-2.13,-7.98,-1.31,2.76,4.03,4.16,4.81,5.68,5.13,1.90,-4.90,-2.03,0.88,-0.76,-9.90,-8.73,-1.45,0.33,0.86,1.44,1.40,-0.10,-3.13,-5.90,-5.97,-6.29,-9.78,-14.73,-7.09,-3.83,-4.24,-8.46,-21.77,-18.42,-15.35,-17.15,-16.66,-12.21,-8.48,-7.75,-12.16,-21.24,-7.27,-4.13,-4.94,-9.51,-14.62,-10.12,-8.01,-8.52,-12.59,-18.14,-9.01,-5.98,-6.76,-9.31,-8.05,-6.71,-8.41,-10.95,-9.23,-7.83,-6.90,-5.47,-5.57,-9.42,-34.25,-10.79,-7.16,-8.11,-11.81,-12.12,-10.30,-11.09,-14.64,-17.08,-12.81,-10.05,-10.52,-15.68,-16.84,-10.58,-9.61,-12.83,-21.91,-21.99,-18.18,-15.35,-13.07,-13.36,-17.26,-28.84,-21.62,-15.44,-11.72,-9.32,-8.29,-8.63,-10.27,-12.60,-13.99,-14.59,-17.00,-24.69,-28.17,-21.25,-21.19,-18.27,-13.02,-10.34,-9.92,-10.78,-11.25,-11.45,-14.03,-26.23,-17.72,-11.98,-11.92,-17.70,-23.94,-12.53,-9.79,-10.28,-13.26,-18.66,-27.05,-21.93,-15.39,-12.76,-13.04,-15.67,-17.22,-15.32,-14.56,-15.49,-16.99,-17.83,-17.76,-17.78,-19.36,-23.29,-24.43,-22.80,-25.74,-35.37,-24.17,-21.79,-25.14,-24.02,-16.82,-13.36,-12.17,-12.61,-14.57,-18.47,-22.69,-19.15,-16.35,-16.53,-20.32,-33.27,-25.85,-22.59,-24.82,-31.36,-47.28,-27.54,-20.30,-17.81,-19.07,-24.61,-24.02,-21.03,-24.00,-30.09,-20.40,-16.84,-16.04,-16.90,-19.45,-21.80,-19.30,-17.84,-20.03,-25.64,-20.96,-18.15,-19.93,-29.94,-26.88,-21.08,-21.59,-25.19,-24.45,-22.46,-23.26,-24.95,-24.69,-24.56,-25.60,-26.87,-29.42,-39.15,-35.20,-28.57,-27.54,-29.71,-36.12,-38.89,-28.52,-23.69,-21.59,-21.94,-25.47,-31.45
HUG008,X3SX4H82.DTA,R,false,82.8,-69.32,-34.58,-26.31,-24.70,-20.84,-12.51,-7.95,-6.79,-8.41,-5.26,-0.22,1.93,1.40,-1.80,-3.76,0.06,2.47,3.47,3.63,2.96,3.37,5.29,5.14,3.12,8.36,13.16,15.25,15.52,14.80,13.42,10.49,4.74,6.64,10.75,11.32,9.22,5.48,2.93,1.32,-1.66,-1.35,1.20,2.16,1.61,0.47,1.42,4.18,6.24,6.90,5.77,1.91,-9.15,-8.05,-3.35,-5.79,-8.14,-0.65,3.96,6.09,6.08,4.29,3.00,3.94,3.92,1.13,-6.47,-12.94,-7.35,-9.46,-15.37,-10.52,-9.62,-12.19,-6.08,-1.14,0.77,0.18,-3.22,-11.52,-24.59,-17.24,-34.40,-15.54,-14.55,-16.05,-5.76,-1.62,-1.36,-5.57,-16.92,-5.16,-2.37,-3.74,-9.02,-14.15,-10.09,-8.52,-8.69,-10.22,-10.79,-8.76,-7.16,-4.83,-1.94,-0.67,-1.76,-4.60,-4.74,-2.99,-2.85,-3.65,-4.60,-6.63,-9.12,-8.02,-7.42,-9.61,-11.16,-10.60,-13.12,-11.16,-6.15,-5.14,-8.60,-27.63,-11.53,-8.21,-10.19,-16.03,-13.42,-10.12,-8.99,-8.18,-7.85,-8.89,-12.01,-18.22,-15.73,-9.47,-6.64,-6.48,-9.33,-18.30,-21.82,-14.82,-15.19,-15.85,-13.31,-12.20,-13.45,-17.13,-25.26,-19.12,-12.96,-11.03,-12.39,-18.11,-21.46,-14.37,-11.80,-11.72,-14.17,-20.62,-17.59,-12.82,-12.20,-13.39,-12.49,-11.53,-14.07,-28.57,-16.77,-11.77,-11.71,-14.90,-20.14,-21.95,-20.97,-17.53,-14.19,-12.61,-12.41,-13.16,-14.68,-16.75,-18.81,-21.13,-25.48,-27.28,-23.60,-23.15,-25.54,-27.42,-23.67,-18.56,-15.73,-15.75,-19.75,-27.91,-18.99,-16.24,-17.32,-21.90,-31.39,-30.24,-26.99,-24.32,-20.22,-17.48,-17.46,-21.17,-23.15,-16.92,-14.77,-16.20,-21.85,-24.61,-18.33,-15.76,-14.77,-14.12,-13.49,-13.25,-13.81,-15.55,-19.33,-28.59,-23.03,-16.72,-14.50,-14.80,-17.07,-19.26,-19.45,-19.94,-19.47,-17.19,-16.48,-19.31,-29.40,-23.19,-18.88,-19.21,-23.90,-33.56,-20.31,-15.58,-14.70,-17.70,-23.40,-16.79,-13.63,-14.14,-17.88,-25.64,-39.60,-37.19
HUG009,X3SX4H72.DTA,L,false,82.8,-39.30,-35.02,-27.13,-22.81,-16.11,-14.31,-18.96,-15.95,-8.78,-7.53,-7.69,-4.31,-3.42,-8.62,-13.73,-1.84,1.81,2.78,1.82,-1.13,-2.99,1.01,4.12,5.14,4.31,2.25,3.87,7.75,9.44,8.73,5.89,2.91,3.10,3.24,3.16,3.93,3.71,0.94,-5.26,-11.04,-10.05,-5.95,-3.79,-6.31,-12.13,-2.79,0.31,-0.29,-1.55,-0.09,0.95,-0.35,-4.37,-10.69,-16.23,-21.37,-13.26,-9.04,-8.06,-8.50,-8.72,-9.30,-12.78,-17.88,-8.79,-4.22,-2.28,-1.72,-1.93,-3.00,-5.30,-8.11,-8.19,-6.30,-4.09,-1.68,0.16,0.79,-0.01,-2.35,-6.11,-10.11,-12.43,-15.26,-23.94,-20.29,-11.71,-7.71,-5.62,-4.85,-5.41,-7.63,-10.60,-9.10,-6.38,-5.77,-7.51,-9.86,-8.27,-6.91,-8.02,-9.65,-8.84,-9.50,-16.69,-17.49,-8.85,-7.32,-9.46,-13.89,-13.14,-11.56,-12.33,-12.30,-9.87,-8.30,-8.39,-9.86,-12.22,-15.02,-16.74,-13.85,-10.16,-8.17,-8.18,-10.50,-16.32,-21.80,-16.33,-15.84,-19.35,-20.07,-16.82,-16.38,-18.70,-21.91,-22.28,-23.05,-28.71,-30.28,-20.04,-16.38,-15.39,-16.25,-18.46,-21.11,-23.48,-25.65,-27.50,-28.42,-27.93,-27.20,-27.95,-29.59,-27.44,-24.31,-22.92,-21.35,-17.94,-15.61,-15.67,-18.56,-25.93,-26.74,-22.56,-23.55,-26.67,-22.02,-17.58,-15.70,-15.67,-17.22,-19.60,-20.81,-21.97,-24.87,-24.43,-19.61,-16.97,-16.44,-17.59,-20.36,-24.67,-28.70,-29.11,-27.46,-27.03,-30.31,-39.38,-26.51,-23.33,-25.34,-32.09,-22.89,-18.54,-17.99,-20.31,-25.57,-33.92,-29.23,-21.58,-17.18,-15.37,-15.58,-17.50,-21.01,-25.44,-28.14,-28.03,-29.28,-32.19,-28.56,-25.45,-24.66,-23.69,-22.36,-22.56,-24.03,-23.92,-23.15,-24.73,-23.80,-19.54,-17.74,-18.27,-20.48,-22.97,-24.63,-26.34,-28.25,-31.29,-35.01,-27.51,-22.81,-21.56,-23.08,-25.24,-23.08,-20.41,-19.60,-20.54,-22.83,-26.05,-31.01,-45.78,-28.80,-23.31,-21.80,-23.80,-31.56,-26.92,-21.91,-21.50,-24.30,-25.80,-22.11,-20.59
HUG009,X3SX4H76.DTA,R,false,83.4,-52.25,-32.56,-20.47,-14.45,-11.12,-8.44,-5.06,-1.70,0.59,1.61,1.00,-2.40,-3.93,1.54,3.80,2.69,-3.90,-7.32,2.13,3.96,1.83,-5.97,-7.53,-1.78,-2.71,-1.79,4.24,8.31,10.29,10.30,8.77,7.55,8.64,9.56,8.86,7.63,8.87,12.24,15.31,17.09,17.10,14.71,8.99,8.71,12.81,13.09,9.92,6.70,10.44,13.12,14.41,15.04,14.69,12.53,6.91,-14.88,3.74,6.43,4.98,0.10,-10.25,-7.44,-3.82,-4.06,-6.82,-11.48,-13.24,-9.05,-5.21,-3.28,-3.82,-5.60,-2.89,-0.13,-0.46,-3.88,-1.49,2.99,4.29,2.65,-2.72,-9.11,-3.21,-1.69,-3.35,-6.57,-7.80,-7.69,-8.78,-10.76,-14.70,-17.68,-9.40,-5.94,-6.11,-9.69,-14.57,-13.18,-10.84,-7.16,-4.26,-3.44,-4.61,-6.99,-9.08,-10.16,-9.62,-7.68,-6.77,-8.08,-12.95,-20.85,-12.11,-9.40,-10.78,-17.32,-27.84,-16.06,-15.34,-17.25,-13.16,-10.06,-9.86,-11.97,-13.97,-12.57,-12.15,-14.85,-20.48,-17.50,-14.23,-14.36,-17.27,-22.47,-23.75,-18.10,-14.23,-12.42,-12.13,-12.84,-14.26,-15.36,-15.63,-17.08,-21.52,-21.50,-17.51,-17.52,-19.64,-19.22,-19.59,-29.88,-19.13,-12.48,-10.56,-11.36,-14.74,-21.41,-38.67,-23.71,-17.90,-16.85,-18.95,-20.32,-17.95,-18.49,-28.07,-21.35,-13.89,-11.45,-11.78,-14.77,-21.63,-28.44,-18.43,-14.70,-13.82,-15.08,-17.32,-16.33,-14.56,-15.07,-18.68,-21.85,-17.18,-14.96,-15.25,-18.04,-24.40,-18.08,-12.69,-10.84,-11.61,-15.52,-26.51,-24.28,-19.82,-22.29,-33.53,-15.59,-10.15,-7.92,-7.90,-9.88,-13.48,-16.43,-16.49,-15.79,-15.35,-15.67,-17.23,-20.13,-24.40,-29.59,-29.60,-24.90,-20.46,-17.37,-15.91,-15.76,-16.67,-18.71,-20.57,-18.62,-15.60,-14.18,-15.27,-18.42,-15.05,-11.18,-10.36,-12.75,-19.76,-17.93,-13.66,-13.77,-18.06,-24.18,-17.05,-14.20,-13.72,-13.72,-13.46,-13.77,-15.40,-18.57,-24.06,-29.67,-22.45,-19.23,-20.54,-32.36,-22.23,-15.84,-13.96,-14.24,-14.86
HUG009,X3SX4H71.DTA,L,false,82.5,-63.30,-37.15,-23.31,-18.71,-19.97,-15.56,-9.91,-9.00,-14.33,-14.48,-8.00,-7.02,-8.47,-9.73,-7.82,-6.87,-9.70,-14.92,-4.62,0.45,1.89,-0.38,-7.47,-0.46,3.71,4.41,5.80,8.97,10.56,9.69,6.02,1.07,1.74,1.78,1.21,2.78,2.85,-0.68,-8.83,-8.35,-10.43,-9.43,-4.34,-6.12,-24.13,-2.33,1.61,1.40,-1.01,-1.42,-0.11,-0.82,-3.81,-6.13,-5.99,-7.21,-10.92,-16.85,-23.55,-16.40,-10.11,-8.12,-10.82,-26.94,-7.26,-2.15,-0.72,-1.47,-2.71,-2.60,-2.53,-3.93,-6.22,-6.95,-6.31,-5.17,-2.90,-0.65,0.45,0.17,-1.44,-4.23,-7.93,-12.36,-15.89,-12.20,-7.93,-5.48,-4.78,-6.20,-10.97,-12.91,-7.53,-6.59,-9.11,-8.80,-5.80,-6.47,-13.52,-13.28,-6.69,-5.36,-5.26,-4.75,-5.45,-8.75,-10.89,-8.02,-7.44,-9.64,-12.69,-14.22,-17.90,-20.26,-13.69,-11.66,-13.21,-17.27,-16.50,-13.29,-11.95,-11.20,-10.19,-9.68,-10.56,-13.54,-20.15,-31.97,-21.37,-18.84,-19.57,-20.83,-18.93,-16.94,-17.29,-21.52,-28.23,-18.13,-13.90,-12.89,-14.76,-21.06,-24.63,-16.31,-13.41,-13.33,-15.97,-23.60,-30.13,-22.24,-23.75,-21.82,-15.46,-12.44,-11.78,-13.31,-17.74,-29.66,-24.27,-20.21,-21.54,-26.75,-28.29,-23.48,-19.43,-16.77,-15.95,-16.98,-19.79,-24.47,-29.00,-27.64,-25.20,-24.04,-24.84,-29.00,-37.39,-28.89,-25.44,-25.98,-29.83,-33.44,-27.16,-21.02,-17.35,-16.31,-18.53,-23.72,-17.61,-13.19,-12.16,-13.87,-18.69,-28.83,-31.40,-34.09,-30.92,-22.61,-19.69,-20.01,-24.36,-44.60,-23.93,-19.51,-18.71,-20.08,-22.97,-26.71,-29.39,-28.22,-24.95,-22.29,-21.06,-21.26,-22.57,-23.32,-22.49,-20.92,-19.04,-17.84,-18.01,-20.15,-25.03,-27.51,-24.87,-25.73,-32.06,-32.52,-27.61,-28.17,-31.01,-28.44,-25.92,-26.77,-32.63,-35.08,-25.76,-22.63,-22.78,-24.45,-22.72,-19.96,-19.79,-23.59,-40.28,-25.99,-22.20,-22.46,-22.90,-20.56,-19.41,-21.68,-27.98,-23.04,-19.82,-21.07,-23.96
HUG009,X3SX4H75.DTA,R,false,83.1,-51.42,-33.03,-25.15,-15.90,-9.44,-6.18,-5.10,-5.93,-9.62,-9.73,-2.73,0.42,0.85,-0.41,-2.67,-6.13,-15.37,-3.55,3.01,5.55,5.78,4.22,0.49,-8.30,-7.53,1.15,4.57,6.92,9.10,10.16,9.70,8.41,8.96,10.82,11.72,11.96,12.69,13.98,15.08,15.56,14.91,12.23,5.59,5.32,11.14,12.46,10.61,6.64,8.42,12.42,14.62,15.34,14.65,12.15,6.67,-10.29,0.93,4.66,4.19,0.61,-8.49,-8.80,-4.21,-4.82,-4.24,-0.90,1.01,1.30,0.58,-0.63,-1.76,-1.84,-1.42,-2.43,-6.48,-6.13,-0.42,1.71,1.08,-1.06,-1.83,-2.18,-6.14,-15.40,-5.80,-3.47,-5.71,-13.54,-23.51,-11.62,-4.86,-1.49,-1.31,-5.04,-19.21,-7.88,-4.99,-7.64,-18.75,-14.80,-11.19,-11.06,-9.20,-8.99,-14.26,-18.05,-8.37,-6.51,-9.17,-19.38,-15.20,-10.87,-12.65,-22.71,-21.02,-13.65,-10.39,-8.54,-8.70,-12.66,-18.24,-11.32,-9.66,-12.73,-25.57,-16.70,-12.07,-9.91,-8.70,-9.62,-12.29,-9.69,-6.65,-6.71,-10.19,-20.22,-23.36,-18.12,-17.11,-14.20,-12.15,-11.37,-11.62,-13.49,-18.00,-20.18,-14.97,-11.30,-9.41,-9.63,-12.92,-23.38,-23.29,-17.78,-17.41,-14.59,-11.32,-10.22,-9.98,-8.85,-7.69,-7.97,-10.63,-15.73,-14.57,-12.01,-12.83,-17.94,-23.87,-16.50,-14.55,-16.85,-30.69,-19.01,-13.45,-12.59,-14.97,-20.74,-18.71,-14.14,-12.12,-11.61,-12.46,-14.96,-18.76,-20.79,-20.31,-19.73,-19.21,-18.98,-19.37,-20.58,-23.50,-32.66,-26.79,-17.57,-13.11,-11.25,-11.81,-14.94,-17.95,-16.13,-14.98,-14.77,-13.49,-11.96,-11.20,-10.71,-9.83,-8.90,-8.71,-10.13,-14.78,-33.64,-19.27,-17.54,-25.34,-19.27,-13.14,-12.68,-16.85,-31.32,-21.73,-19.42,-18.01,-14.33,-12.51,-12.99,-15.44,-20.02,-28.61,-32.23,-27.74,-30.09,-32.24,-23.41,-18.82,-16.72,-16.00,-16.12,-17.12,-19.54,-25.22,-32.98,-20.80,-16.93,-16.33,-18.45,-24.47,-26.87,-22.22,-21.89,-20.91,-17.64,-16.09,-17.15,-18.91
HUG009,X3SX4H74.DTA,R,false,82.8,-50.52,-32.87,-21.54,-16.81,-20.37,-12.52,-2.64,2.70,5.37,6.05,5.08,2.20,-2.36,-2.44,-1.11,-2.09,-5.22,-10.93,-10.45,-9.09,-15.36,-5.68,-1.45,-1.91,-5.83,-3.76,2.55,7.74,11.02,12.02,10.68,7.66,7.95,10.28,10.70,9.96,10.48,12.83,15.13,16.41,16.16,13.65,7.38,6.46,11.77,12.82,10.63,6.67,9.21,12.91,14.77,15.22,14.18,11.03,3.63,-8.43,2.88,3.47,0.20,-4.44,-6.91,-11.79,-15.79,-12.37,-12.76,-10.02,-6.71,-4.63,-3.51,-4.25,-6.97,-6.45,-5.15,-8.47,-9.43,-2.23,0.22,-0.36,-1.93,-1.50,-0.59,-0.80,-1.49,-2.03,-3.19,-5.90,-10.67,-16.96,-19.68,-13.73,-8.38,-5.79,-5.45,-6.65,-8.04,-9.68,-15.46,-20.56,-10.03,-7.57,-8.41,-11.37,-14.45,-12.58,-8.84,-7.35,-9.04,-16.47,-21.04,-12.63,-11.48,-13.02,-16.07,-16.86,-13.16,-11.32,-11.78,-11.89,-10.05,-10.13,-17.15,-15.32,-6.67,-4.50,-6.11,-13.85,-16.43,-7.81,-6.02,-7.03,-10.31,-16.10,-24.00,-23.36,-16.55,-12.61,-11.50,-13.24,-16.96,-16.13,-14.46,-15.33,-18.15,-18.50,-15.58,-14.06,-14.71,-17.42,-17.64,-14.40,-12.52,-12.54,-14.67,-20.35,-22.54,-15.48,-13.86,-16.18,-21.93,-18.93,-15.67,-15.53,-16.38,-16.53,-16.73,-17.93,-19.67,-20.64,-17.71,-14.84,-14.71,-18.43,-27.55,-16.09,-11.68,-10.41,-10.88,-12.40,-14.08,-15.21,-16.51,-18.33,-19.23,-17.31,-14.32,-12.41,-12.32,-14.23,-17.62,-19.05,-18.00,-18.34,-19.80,-19.51,-18.30,-18.87,-21.87,-22.55,-20.65,-22.20,-20.76,-14.77,-12.30,-13.57,-19.27,-16.91,-12.75,-12.98,-16.41,-16.65,-14.92,-17.20,-24.81,-19.93,-17.65,-21.01,-30.10,-26.42,-27.10,-23.70,-17.29,-14.50,-14.38,-16.75,-23.46,-29.87,-20.18,-18.50,-20.71,-23.04,-20.11,-18.28,-18.91,-21.93,-26.36,-27.97,-28.53,-32.86,-32.26,-23.92,-19.42,-16.83,-15.71,-16.43,-20.08,-25.76,-20.89,-18.56,-20.45,-29.22,-27.37,-23.17,-24.91,-24.47,-20.92,-19.96,-20.22
HUG009,X3SX4H73.DTA,L,false,82.8,-37.63,-43.28,-26.30,-19.50,-15.57,-15.24,-17.39,-11.16,-6.05,-4.45,-5.79,-9.88,-14.53,-11.33,-8.37,-7.65,-4.45,0.36,3.27,4.12,2.83,1.95,5.47,7.83,7.34,3.37,3.49,8.94,10.83,9.78,5.79,0.86,2.58,3.57,3.81,4.84,4.85,2.40,-3.34,-13.19,-12.97,-4.72,-1.96,-3.96,-20.52,-4.65,0.03,0.16,-1.41,-1.30,-0.30,-0.76,-2.98,-6.53,-11.89,-21.89,-11.87,-7.39,-6.38,-7.39,-8.71,-9.59,-13.25,-28.90,-8.56,-3.14,-1.18,-1.67,-4.60,-10.32,-11.74,-7.96,-7.09,-9.00,-9.69,-4.22,-0.15,1.62,1.22,-1.62,-7.16,-8.94,-7.79,-9.74,-7.79,-4.18,-3.14,-4.34,-6.85,-8.48,-8.55,-9.10,-10.38,-9.98,-8.68,-9.03,-10.79,-9.92,-7.37,-6.59,-8.31,-13.77,-15.40,-10.19,-10.03,-14.04,-11.09,-6.56,-5.47,-6.61,-7.42,-6.41,-6.26,-7.95,-9.26,-7.46,-6.14,-6.85,-10.05,-17.09,-17.70,-12.42,-10.68,-11.19,-14.05,-20.64,-25.74,-20.42,-19.76,-23.54,-33.22,-22.70,-19.26,-18.93,-20.63,-24.16,-24.72,-20.62,-17.92,-17.68,-19.52,-20.83,-19.31,-17.93,-18.21,-19.77,-20.33,-19.65,-20.12,-22.77,-27.69,-27.66,-22.00,-17.37,-14.83,-14.74,-18.02,-31.83,-22.86,-18.25,-18.67,-22.43,-29.81,-34.80,-30.73,-24.25,-21.17,-21.08,-24.78,-30.54,-22.73,-18.94,-17.53,-17.88,-20.58,-27.58,-26.71,-20.44,-18.90,-21.61,-25.84,-18.39,-14.61,-14.18,-16.90,-24.66,-33.11,-23.71,-23.70,-29.93,-38.86,-26.54,-23.65,-23.87,-24.31,-22.08,-20.00,-19.86,-22.28,-28.64,-49.05,-32.73,-29.40,-26.50,-23.78,-22.78,-23.86,-28.00,-40.88,-29.69,-25.00,-23.86,-25.25,-29.96,-32.09,-28.36,-28.15,-30.40,-30.73,-27.89,-25.26,-22.65,-21.00,-20.38,-20.46,-21.31,-23.29,-28.04,-30.75,-23.96,-20.91,-20.35,-22.14,-27.58,-34.68,-26.18,-22.82,-23.07,-27.37,-31.19,-26.00,-25.28,-28.19,-27.02,-25.89,-32.08,-28.31,-21.55,-20.34,-23.22,-32.53,-38.88,-29.57,-24.41,-21.56,-21.02,-21.32
HUG010,X3SX4H84.DTA,L,false,85.2,-34.45,-36.33,-32.77,-24.28,-22.69,-28.17,-28.31,-20.89,-22.61,-18.73,-10.14,-6.49,-5.90,-8.59,-20.42,-12.65,-6.19,-4.35,-4.57,-5.16,-4.51,-3.88,-5.02,-9.04,-13.68,-8.86,-6.79,-7.88,-10.30,-9.60,-7.58,-7.53,-9.81,-12.54,-11.46,-10.25,-11.50,-16.13,-30.58,-20.01,-14.05,-12.59,-14.50,-21.32,-17.37,-12.31,-11.45,-13.44,-18.06,-18.94,-14.53,-13.00,-14.43,-17.95,-18.52,-17.75,-22.00,-20.62,-14.32,-13.35,-17.21,-28.90,-16.15,-12.93,-13.68,-18.06,-34.98,-18.27,-12.53,-10.34,-10.07,-11.18,-13.81,-18.60,-24.06,-21.08,-19.58,-19.52,-16.89,-13.89,-11.90,-11.00,-11.20,-12.58,-14.66,-14.68,-13.51,-14.71,-21.33,-21.02,-13.97,-12.28,-11.86,-10.06,-8.36,-8.44,-11.08,-17.60,-38.34,-26.68,-26.55,-23.37,-21.23,-24.77,-23.21,-16.59,-14.37,-15.12,-17.10,-16.16,-14.31,-14.29,-16.68,-23.13,-34.99,-19.81,-15.45,-13.78,-13.60,-14.46,-16.29,-19.25,-23.42,-26.39,-23.75,-20.70,-18.71,-17.58,-17.73,-20.20,-26.60,-25.87,-22.16,-23.48,-25.75,-19.39,-15.91,-15.31,-16.76,-19.45,-21.99,-22.22,-19.43,-17.06,-16.51,-17.87,-19.84,-19.60,-19.17,-20.39,-22.93,-24.84,-25.22,-27.14,-37.33,-29.75,-22.44,-20.13,-19.75,-19.79,-19.44,-19.64,-21.43,-24.88,-29.87,-33.84,-31.74,-28.57,-26.82,-28.28,-38.61,-26.78,-20.93,-19.20,-20.05,-22.83,-25.20,-24.77,-24.03,-24.14,-26.16,-34.58,-28.89,-20.62,-17.09,-16.15,-17.50,-21.72,-31.48,-28.41,-25.37,-25.88,-23.45,-19.81,-18.25,-19.01,-22.37,-28.08,-25.23,-21.71,-21.09,-22.71,-26.04,-27.16,-25.19,-24.62,-26.22,-29.17,-29.16,-28.24,-29.70,-32.76,-29.63,-27.14,-28.29,-30.95,-29.23,-27.93,-29.71,-29.58,-27.38,-28.83,-29.64,-22.82,-18.75,-17.12,-17.08,-17.98,-19.42,-21.56,-25.06,-30.88,-39.16,-34.95,-30.52,-28.57,-27.95,-25.60,-22.72,-22.13,-25.23,-33.69,-26.95,-24.99,-29.83,-33.01,-26.06,-26.53,-30.73,-25.90,-23.94,-27.00,-33.10,-28.00,-26.63,-29.84,-36.29
HUG010,X3SX4H85.DTA,R,false,83.7,-33.95,-36.05,-30.31,-22.87,-22.05,-22.71,-15.88,-12.30,-13.02,-21.22,-21.68,-15.39,-17.14,-23.83,-21.00,-16.35,-11.81,-8.83,-8.36,-10.15,-13.11,-14.72,-13.58,-11.52,-10.15,-10.34,-12.83,-19.24,-23.98,-16.56,-14.09,-14.15,-15.85,-18.82,-22.62,-24.13,-21.79,-19.96,-18.19,-15.98,-14.62,-15.15,-18.34,-18.84,-14.15,-11.59,-11.13,-12.98,-19.09,-29.10,-15.62,-11.77,-10.87,-12.32,-16.28,-20.33,-16.47,-13.36,-12.45,-13.09,-14.72,-16.93,-19.10,-21.69,-23.24,-18.65,-15.96,-16.27,-20.93,-25.97,-14.70,-10.10,-7.84,-7.01,-7.61,-10.22,-16.56,-22.34,-14.72,-13.32,-16.23,-26.24,-26.14,-20.86,-22.30,-26.35,-22.70,-18.33,-16.11,-16.28,-18.41,-21.58,-23.25,-21.36,-18.02,-15.95,-16.51,-20.11,-27.08,-30.30,-24.91,-19.32,-16.32,-16.10,-18.41,-22.52,-23.41,-22.08,-22.65,-24.82,-28.52,-36.26,-39.00,-30.08,-26.14,-22.80,-19.53,-18.09,-19.77,-29.48,-22.51,-14.76,-11.87,-11.39,-12.72,-15.81,-20.30,-22.82,-22.31,-22.27,-23.16,-24.58,-25.01,-23.56,-21.88,-21.06,-21.39,-22.77,-25.06,-27.40,-27.40,-26.43,-26.80,-29.78,-33.43,-25.71,-21.09,-19.04,-18.33,-18.35,-19.04,-20.47,-22.19,-24.47,-28.70,-29.11,-24.68,-23.19,-24.59,-26.47,-26.13,-26.77,-27.80,-27.43,-28.82,-26.88,-20.85,-18.01,-18.02,-21.14,-30.91,-30.62,-24.64,-24.64,-27.39,-28.19,-27.10,-29.55,-35.09,-26.04,-21.79,-21.07,-23.08,-27.15,-26.55,-22.96,-21.38,-21.51,-23.05,-26.31,-31.51,-32.06,-28.20,-24.98,-22.19,-20.38,-20.02,-21.23,-24.25,-29.80,-38.81,-44.95,-47.99,-40.53,-34.86,-33.21,-34.06,-37.25,-43.06,-39.79,-35.22,-30.66,-26.42,-23.62,-22.35,-22.37,-23.55,-26.16,-30.32,-31.35,-28.01,-25.56,-24.43,-24.75,-26.98,-29.66,-26.91,-24.75,-25.64,-30.46,-43.02,-38.84,-41.30,-34.35,-29.70,-30.03,-32.03,-26.95,-23.95,-25.04,-32.27,-32.32,-26.46,-27.13,-34.00,-35.58,-34.31,-49.05,-28.86,-24.73,-25.13,-30.17,-33.36,-27.10,-25.92,-28.91,-34.70