ARG001,X3SY2Q34.DTA,L,false,84.2,-60.21,-33.24,-30.48,-18.47,-16.22,-10.10,-1.76,2.53,4.08,2.84,-1.04,-1.87,-0.30,-0.90,-2.95,-3.50,0.09,3.27,4.26,3.20,0.47,-3.39,-6.00,-3.95,-1.11,-0.18,-1.29,-4.10,-8.98,-24.01,-11.86,-5.81,-3.99,-4.74,-8.45,-16.80,-29.74,-20.20,-9.03,-3.42,-0.74,-0.44,-2.47,-6.53,-8.65,-6.95,-6.70,-9.07,-14.70,-26.29,-24.57,-20.78,-21.93,-25.78,-22.31,-15.89,-10.94,-8.10,-7.32,-8.63,-13.40,-28.22,-12.45,-8.79,-9.02,-12.84,-21.66,-15.85,-14.91,-25.66,-14.20,-7.37,-5.36,-6.39,-7.77,-5.22,-3.12,-3.60,-7.78,-18.19,-9.78,-6.36,-6.44,-8.64,-11.22,-12.06,-11.42,-10.99,-11.96,-13.76,-13.80,-10.82,-7.76,-6.46,-7.48,-11.08,-14.99,-13.21,-12.48,-15.01,-21.04,-29.22,-25.78,-17.16,-11.30,-7.85,-6.48,-6.98,-9.17,-13.20,-20.67,-25.01,-15.71,-13.46,-16.73,-27.16,-15.04,-11.91,-12.82,-14.72,-12.61,-10.73,-10.16,-9.41,-8.84,-10.35,-15.88,-15.58,-10.09,-9.42,-13.35,-19.12,-13.00,-11.32,-12.30,-11.33,-9.13,-8.77,-10.44,-13.47,-16.39,-18.87,-20.11,-16.87,-13.62,-11.88,-11.43,-12.00,-13.59,-17.08,-23.58,-20.43,-16.14,-15.48,-18.99,-27.01,-19.13,-16.86,-20.35,-28.52,-15.26,-11.25,-10.36,-11.25,-12.96,-14.36,-16.18,-20.26,-23.41,-20.13,-17.46,-14.44,-11.42,-10.05,-11.00,-15.20,-26.08,-17.09,-12.95,-12.34,-13.96,-18.10,-26.17,-25.74,-21.04,-18.40,-16.42,-15.56,-16.22,-18.24,-20.27,-19.69,-17.63,-16.35,-16.65,-19.06,-23.67,-23.52,-21.01,-21.84,-27.15,-36.69,-27.01,-26.14,-26.61,-22.67,-20.05,-19.56,-19.75,-19.99,-22.13,-28.06,-23.81,-19.51,-18.93,-19.99,-21.37,-24.21,-32.52,-23.58,-17.53,-15.29,-15.36,-18.02,-26.87,-25.96,-17.54,-14.63,-14.20,-15.87,-19.53,-23.80,-24.78,-23.03,-20.87,-20.53,-23.93,-33.66,-25.72,-22.12,-21.71,-22.06,-22.94,-25.79,-26.58,-22.26,-21.02,-24.32,-28.13,-21.57,-18.67,-18.75,-20.39,-20.40,-18.92,-17.78,-17.35
ARG001,X3SY2Q31.DTA,R,false,84.2,-48.27,-36.56,-41.47,-25.14,-17.97,-17.80,-37.68,-10.27,-3.41,-0.70,-0.81,-2.79,-3.77,-1.79,1.62,4.83,6.49,5.98,2.33,-10.54,-3.76,0.67,-0.81,-9.27,-4.43,1.52,3.02,1.79,-2.67,-15.68,-6.71,-3.11,-4.15,-9.51,-12.50,-7.11,-5.73,-6.23,-5.89,-4.23,-3.15,-3.50,-5.33,-7.80,-8.49,-8.14,-9.27,-10.04,-6.99,-4.45,-3.95,-5.72,-10.84,-17.04,-9.49,-6.32,-6.14,-7.99,-9.24,-7.85,-7.31,-9.23,-13.92,-15.90,-13.79,-13.84,-15.03,-15.69,-15.65,-15.45,-17.47,-18.82,-9.43,-4.17,-1.75,-1.47,-3.13,-6.21,-7.53,-6.32,-6.15,-6.55,-5.08,-3.19,-2.86,-4.88,-10.77,-20.94,-11.70,-10.26,-13.32,-13.20,-7.53,-4.75,-4.28,-5.79,-9.55,-16.92,-20.58,-12.49,-8.50,-6.51,-6.26,-8.05,-12.85,-26.27,-22.51,-19.20,-20.42,-17.43,-14.91,-15.62,-19.33,-17.91,-13.15,-10.58,-9.31,-8.64,-8.24,-8.37,-9.91,-14.78,-24.19,-13.41,-9.61,-8.81,-9.45,-9.98,-9.82,-10.21,-12.31,-17.18,-27.03,-22.22,-17.78,-16.34,-16.41,-17.98,-19.49,-16.03,-13.23,-13.35,-16.86,-18.74,-13.67,-11.64,-12.36,-14.51,-14.33,-12.09,-11.22,-12.54,-16.75,-24.42,-19.65,-15.40,-13.42,-12.43,-12.39,-13.69,-16.76,-22.52,-35.26,-28.98,-24.03,-21.75,-20.46,-19.88,-20.06,-20.98,-22.64,-24.90,-25.48,-22.58,-20.36,-20.34,-23.05,-29.89,-33.85,-29.71,-26.20,-22.49,-20.95,-21.83,-23.72,-22.94,-21.63,-22.29,-25.16,-29.67,-29.22,-24.57,-21.04,-18.74,-17.34,-16.50,-16.22,-16.82,-18.68,-22.47,-29.22,-24.87,-19.97,-18.62,-20.34,-26.99,-34.73,-23.81,-20.89,-19.56,-19.10,-20.93,-29.49,-24.59,-17.33,-14.93,-15.16,-17.72,-23.03,-33.55,-32.26,-25.48,-22.41,-21.13,-20.78,-20.78,-20.83,-20.52,-19.84,-19.93,-22.12,-29.00,-29.51,-20.88,-17.57,-17.04,-18.96,-24.03,-34.90,-31.92,-31.95,-31.57,-25.22,-22.30,-22.29,-25.03,-29.00,-27.15,-24.87,-24.79,-25.29,-24.30,-22.83,-21.82,-20.66,-19.46,-18.99
ARG001,X3SY2Q32.DTA,R,false,83.7,-48.96,-46.38,-37.68,-25.23,-19.90,-18.86,-18.62,-11.30,-5.63,-3.08,-3.72,-8.89,-17.23,-8.34,-2.72,3.13,7.30,9.38,9.52,7.82,4.12,-1.69,-5.26,-4.25,-3.84,-4.00,-5.50,-10.70,-13.97,-6.82,-4.86,-6.51,-12.23,-20.45,-14.97,-12.37,-11.67,-11.73,-11.46,-10.54,-11.29,-17.10,-20.42,-12.30,-11.32,-15.90,-27.81,-16.01,-15.20,-14.99,-11.74,-11.80,-19.15,-14.30,-8.41,-7.87,-10.24,-10.50,-9.04,-10.58,-13.05,-9.86,-8.07,-9.35,-13.18,-14.60,-11.16,-8.68,-8.20,-10.62,-17.53,-12.06,-7.03,-5.63,-6.73,-9.82,-10.72,-7.75,-6.50,-7.69,-10.98,-14.66,-14.68,-10.01,-5.50,-3.12,-2.90,-4.92,-9.75,-17.31,-18.27,-20.02,-26.96,-27.37,-22.13,-15.21,-11.66,-11.33,-14.30,-22.98,-22.14,-15.24,-11.94,-9.83,-8.51,-7.91,-8.05,-9.07,-11.44,-16.93,-24.26,-13.20,-9.12,-8.00,-9.01,-12.14,-16.78,-16.52,-14.07,-13.98,-16.88,-24.98,-23.72,-19.38,-20.47,-26.18,-23.24,-18.86,-18.95,-25.10,-23.04,-13.84,-9.38,-7.06,-6.30,-7.00,-9.40,-14.37,-26.11,-25.46,-20.09,-20.50,-24.57,-28.04,-23.10,-20.76,-22.04,-28.14,-25.40,-20.12,-19.17,-21.40,-23.37,-20.59,-17.86,-15.95,-14.99,-15.30,-17.13,-20.02,-21.27,-20.00,-18.24,-17.04,-16.93,-18.33,-22.01,-31.52,-30.18,-22.32,-19.64,-19.34,-20.76,-23.41,-25.60,-24.18,-21.91,-20.70,-20.57,-21.57,-23.83,-25.61,-22.46,-18.98,-17.34,-17.27,-18.42,-20.79,-24.86,-30.25,-28.37,-24.79,-22.31,-21.05,-21.62,-23.47,-23.70,-23.51,-25.37,-24.93,-22.78,-23.28,-21.55,-16.81,-14.67,-15.88,-22.62,-23.25,-15.93,-14.62,-17.39,-27.72,-26.20,-19.73,-18.48,-19.33,-22.54,-28.19,-25.45,-25.70,-36.20,-21.32,-16.80,-17.16,-22.79,-22.05,-16.46,-15.79,-19.40,-33.42,-26.50,-23.09,-24.65,-25.14,-24.02,-26.63,-38.59,-25.04,-20.08,-18.83,-20.06,-22.46,-22.25,-20.88,-20.95,-21.48,-20.36,-19.02,-18.89,-19.78,-20.49,-19.92,-18.77,-18.19,-19.25,-23.60,-35.52
ARG001,X3SY2Q35.DTA,L,false,84.2,-36.02,-46.25,-31.40,-25.27,-19.03,-11.37,-5.93,-2.16,0.65,2.27,1.74,-3.07,-12.75,-0.46,1.48,-2.82,-11.97,1.52,4.63,4.23,0.85,-7.41,-9.13,-2.63,-1.55,-3.43,-5.34,-4.26,-4.59,-8.88,-24.82,-14.95,-13.50,-19.77,-17.27,-12.87,-15.17,-29.31,-11.36,-6.67,-5.27,-5.68,-7.50,-11.03,-15.97,-18.07,-18.61,-15.18,-11.57,-11.40,-12.33,-8.04,-4.58,-3.92,-6.17,-12.79,-19.66,-12.07,-9.45,-8.12,-8.35,-11.99,-11.53,-4.35,-0.95,-0.18,-1.61,-5.23,-10.30,-11.47,-9.51,-8.21,-8.45,-11.23,-14.63,-10.20,-6.73,-5.31,-5.47,-8.05,-18.56,-10.64,-3.83,-1.78,-2.58,-6.03,-11.38,-13.55,-12.10,-7.35,-3.71,-2.45,-3.46,-7.00,-14.57,-23.11,-18.73,-22.86,-15.99,-9.85,-7.69,-8.18,-10.39,-11.27,-9.88,-9.35,-10.15,-11.54,-13.00,-14.88,-15.81,-13.72,-11.73,-11.24,-12.00,-13.37,-14.80,-16.64,-19.83,-23.16,-20.09,-16.55,-15.03,-15.20,-16.61,-19.01,-23.76,-23.79,-15.48,-11.05,-8.82,-7.99,-8.00,-8.39,-8.82,-9.39,-10.64,-13.41,-18.02,-16.15,-11.88,-10.45,-11.88,-17.55,-24.36,-15.93,-14.27,-15.85,-15.90,-13.18,-12.32,-14.27,-19.88,-22.54,-16.67,-13.62,-12.03,-11.40,-11.81,-13.60,-17.42,-24.96,-30.89,-24.29,-21.55,-20.29,-20.41,-22.23,-26.53,-39.86,-26.15,-20.04,-18.11,-19.51,-26.30,-26.45,-18.53,-15.39,-13.87,-12.85,-12.17,-12.20,-13.30,-15.79,-19.86,-24.30,-25.98,-28.39,-35.85,-33.33,-29.31,-28.39,-25.51,-21.34,-18.18,-16.31,-15.62,-15.87,-16.59,-17.35,-18.24,-19.30,-20.20,-21.01,-22.20,-23.70,-25.42,-27.64,-29.75,-30.07,-28.92,-29.09,-35.44,-27.92,-20.19,-17.36,-18.23,-25.20,-23.19,-16.08,-14.69,-17.86,-30.38,-17.45,-13.09,-12.58,-14.81,-19.74,-26.01,-28.73,-26.22,-20.72,-18.35,-19.57,-26.38,-22.10,-15.45,-12.99,-13.19,-16.34,-26.10,-24.74,-18.70,-19.00,-24.22,-23.84,-18.79,-18.16,-21.41,-27.80,-22.65,-18.63,-16.70,-15.93,-16.57,-19.21,-22.03
ARG001,X3SY2Q30.DTA,R,false,85.6,-52.97,-42.68,-33.72,-24.74,-23.49,-27.91,-13.19,-7.19,-3.01,0.16,1.94,1.62,-2.00,-7.01,-2.22,-0.40,-2.26,-7.60,-11.63,-13.53,-5.25,3.05,7.21,8.46,6.98,2.58,0.35,2.66,1.45,-5.15,-7.81,-3.92,-7.38,-20.66,-7.58,-6.43,-10.18,-15.85,-13.88,-9.25,-6.00,-5.77,-9.65,-21.33,-11.20,-7.91,-8.77,-12.58,-17.47,-17.34,-12.93,-8.64,-5.97,-4.93,-5.16,-6.31,-7.87,-8.58,-8.08,-8.30,-11.11,-18.69,-13.81,-9.35,-9.11,-12.15,-19.17,-16.74,-10.16,-6.85,-5.99,-7.43,-10.81,-13.74,-16.22,-15.46,-7.76,-4.10,-3.80,-6.64,-7.71,-3.23,-1.15,-1.66,-4.26,-7.81,-9.50,-8.24,-6.13,-5.09,-5.59,-6.87,-7.58,-8.37,-11.65,-22.43,-13.31,-7.55,-5.04,-3.76,-3.22,-3.79,-6.15,-11.75,-32.70,-16.14,-12.81,-13.96,-17.18,-16.56,-16.37,-25.36,-17.48,-10.24,-8.58,-11.07,-24.05,-14.63,-9.39,-9.36,-13.67,-24.66,-15.31,-12.61,-13.77,-17.89,-24.64,-25.09,-20.77,-16.80,-13.48,-11.45,-10.91,-11.95,-14.69,-19.32,-26.44,-37.70,-35.96,-30.38,-24.16,-20.90,-21.43,-28.06,-23.88,-17.29,-15.67,-18.16,-31.37,-21.26,-15.19,-13.66,-14.92,-19.47,-27.40,-21.93,-19.95,-21.96,-22.24,-18.88,-18.21,-21.24,-32.14,-30.80,-26.26,-26.59,-24.71,-23.16,-21.74,-17.64,-14.31,-13.06,-13.43,-14.15,-13.68,-12.69,-12.55,-13.31,-13.61,-12.82,-12.64,-14.06,-15.05,-12.52,-10.37,-10.37,-12.93,-18.06,-17.85,-15.01,-15.20,-18.43,-24.98,-26.55,-22.99,-21.78,-22.33,-22.79,-21.87,-23.07,-31.17,-26.50,-21.32,-21.73,-21.41,-16.56,-14.30,-15.02,-17.63,-18.42,-18.56,-22.69,-24.25,-18.26,-17.30,-21.34,-54.72,-22.14,-19.15,-20.11,-23.25,-26.82,-29.19,-28.99,-29.01,-32.41,-30.56,-25.51,-24.03,-25.64,-29.68,-34.49,-33.86,-26.19,-20.93,-18.02,-17.14,-18.23,-21.94,-30.14,-27.45,-23.73,-24.38,-26.80,-22.98,-19.16,-18.11,-18.93,-18.80,-17.08,-16.74,-18.99,-24.59,-27.99,-24.99,-24.82,-25.62
ARG001,X3SY2Q33.DTA,L,false,84.2,-52.97,-34.78,-34.26,-20.94,-21.00,-15.10,-3.12,2.98,5.84,5.94,2.84,-6.69,-4.21,1.89,4.69,6.66,7.18,5.20,-1.32,-4.54,2.43,3.72,2.66,2.74,4.07,3.94,1.50,-3.72,-11.64,-11.94,-9.18,-8.31,-9.47,-13.09,-16.31,-15.74,-15.31,-14.31,-14.86,-19.19,-16.40,-10.73,-8.72,-8.55,-8.14,-7.22,-7.70,-11.63,-26.73,-16.20,-14.37,-21.00,-22.94,-17.88,-27.01,-17.09,-11.09,-10.69,-14.58,-24.43,-21.24,-15.81,-11.85,-10.71,-12.60,-11.90,-7.47,-5.78,-7.54,-15.02,-15.37,-8.46,-7.41,-10.29,-15.77,-10.04,-5.68,-3.64,-2.82,-2.94,-4.31,-7.90,-15.87,-13.28,-7.89,-5.86,-5.27,-5.17,-5.44,-6.47,-8.62,-12.02,-16.32,-19.22,-18.27,-16.02,-14.35,-13.49,-13.31,-14.34,-18.07,-29.49,-29.87,-30.80,-21.71,-13.02,-9.55,-9.35,-12.55,-21.74,-19.49,-16.60,-17.90,-13.72,-9.80,-8.87,-10.80,-15.95,-19.14,-16.40,-16.99,-21.95,-26.53,-21.41,-20.40,-22.30,-24.42,-21.60,-18.46,-16.93,-16.55,-17.08,-18.98,-23.56,-25.04,-19.16,-17.03,-18.43,-24.53,-26.04,-20.44,-19.21,-20.62,-25.48,-34.40,-22.84,-18.62,-16.58,-14.92,-13.76,-13.91,-16.02,-20.78,-27.59,-27.83,-31.46,-26.78,-19.16,-16.31,-16.42,-19.50,-24.06,-21.25,-19.53,-21.09,-23.34,-20.64,-18.66,-19.22,-21.41,-23.50,-23.40,-20.09,-17.21,-16.79,-20.07,-33.00,-19.72,-14.31,-12.25,-11.85,-12.45,-13.88,-16.23,-18.97,-19.85,-18.97,-19.00,-20.29,-20.82,-19.52,-17.57,-15.35,-13.46,-12.47,-12.46,-13.06,-13.72,-14.22,-14.92,-16.23,-17.96,-19.36,-20.05,-20.57,-21.91,-25.16,-30.07,-28.77,-26.47,-26.05,-25.95,-24.43,-21.20,-18.06,-16.23,-16.01,-17.63,-21.61,-26.57,-23.40,-19.96,-18.32,-18.19,-19.28,-19.20,-16.67,-14.90,-15.17,-17.85,-21.32,-19.10,-17.04,-17.77,-22.13,-33.90,-23.93,-19.66,-18.76,-20.22,-24.65,-27.03,-20.99,-18.36,-18.75,-22.08,-29.51,-39.32,-32.01,-25.84,-22.03,-20.74,-21.54,-24.12,-27.91,-33.37,-59.38
ARG002,X3SY2Q37.DTA,R,false,84.0,-45.89,-46.16,-35.05,-26.14,-24.74,-33.87,-22.42,-15.37,-12.84,-11.09,-7.94,-5.41,-4.53,-5.28,-7.58,-10.03,-9.41,-8.48,-10.74,-20.89,-12.47,-7.35,-6.61,-8.42,-10.19,-9.39,-9.06,-10.40,-13.01,-15.82,-18.15,-22.14,-23.20,-18.13,-16.71,-15.74,-11.99,-9.22,-8.89,-11.35,-17.30,-21.65,-17.48,-13.90,-11.40,-11.53,-16.48,-22.50,-13.43,-12.11,-14.46,-14.62,-13.31,-17.03,-25.69,-13.78,-11.51,-13.94,-21.99,-19.40,-16.40,-15.48,-10.86,-6.20,-3.32,-2.22,-3.10,-6.94,-16.54,-9.24,-5.00,-4.43,-5.93,-7.99,-9.09,-9.65,-9.22,-7.45,-6.35,-7.07,-10.24,-16.76,-25.70,-24.61,-16.71,-12.27,-11.23,-12.09,-11.73,-10.48,-10.45,-10.44,-9.49,-9.75,-13.16,-20.94,-15.38,-11.83,-11.28,-11.68,-11.33,-9.94,-8.78,-9.08,-11.56,-16.06,-17.76,-16.45,-13.18,-9.43,-7.30,-6.22,-5.20,-4.59,-5.45,-8.87,-17.83,-21.42,-14.70,-14.36,-16.24,-18.73,-22.47,-31.19,-35.24,-24.76,-19.85,-17.27,-16.89,-18.70,-22.15,-20.49,-15.54,-12.72,-12.20,-14.19,-19.13,-20.10,-15.47,-12.07,-9.43,-8.04,-8.51,-11.45,-18.65,-35.75,-23.40,-22.13,-18.47,-15.24,-14.22,-14.78,-16.15,-17.82,-19.12,-19.67,-21.54,-29.25,-23.44,-17.19,-15.88,-18.26,-20.05,-14.57,-11.16,-9.79,-9.60,-10.18,-11.56,-13.90,-16.88,-19.62,-22.28,-26.17,-22.92,-16.13,-12.38,-11.34,-13.41,-21.33,-18.56,-12.52,-11.45,-13.71,-18.57,-18.92,-17.77,-21.04,-26.64,-18.82,-15.60,-15.53,-18.41,-27.25,-20.34,-14.13,-11.91,-12.05,-13.49,-13.94,-13.07,-13.34,-15.95,-22.17,-42.85,-30.32,-30.00,-34.84,-29.97,-24.28,-20.65,-18.17,-16.52,-15.78,-16.21,-18.14,-21.86,-26.06,-25.40,-24.10,-24.88,-27.08,-27.91,-26.53,-25.78,-24.50,-21.02,-18.07,-17.05,-18.51,-23.88,-30.21,-22.93,-21.62,-25.45,-35.87,-24.74,-21.88,-22.34,-21.56,-18.36,-16.67,-17.25,-19.57,-20.53,-19.25,-19.23,-20.11,-18.43,-15.62,-13.98,-13.79,-15.31,-19.61,-32.70,-25.24,-21.69
ARG002,X3SY2Q39.DTA,L,false,85.2,-39.38,-45.44,-50.85,-42.12,-31.86,-25.97,-24.79,-21.82,-14.18,-10.18,-9.18,-10.74,-14.28,-14.89,-12.29,-10.76,-10.32,-10.57,-11.26,-12.86,-15.08,-11.40,-7.37,-5.92,-6.68,-9.19,-11.40,-11.15,-10.58,-10.46,-10.21,-9.77,-9.76,-10.40,-11.62,-13.31,-14.21,-13.17,-11.92,-12.01,-14.08,-18.10,-21.07,-21.08,-23.92,-37.15,-19.51,-12.44,-8.26,-5.94,-5.22,-5.95,-7.83,-10.77,-14.45,-12.51,-8.32,-6.53,-7.20,-10.54,-17.35,-26.34,-20.98,-12.52,-7.87,-6.28,-7.52,-12.24,-15.21,-10.68,-9.90,-12.28,-13.08,-9.62,-6.60,-3.90,-1.83,-1.16,-2.34,-5.82,-11.95,-16.82,-24.08,-17.24,-8.43,-5.49,-5.91,-10.13,-16.66,-9.85,-7.34,-8.66,-14.47,-35.68,-20.60,-19.72,-13.68,-9.54,-9.33,-13.67,-13.26,-6.86,-4.72,-5.95,-11.90,-24.96,-11.14,-9.52,-12.83,-19.40,-11.31,-7.27,-6.35,-8.28,-15.42,-18.66,-10.20,-8.63,-10.55,-15.63,-22.38,-21.21,-14.48,-10.18,-8.56,-9.17,-11.81,-16.37,-22.64,-27.32,-22.14,-17.02,-14.10,-13.30,-14.31,-15.57,-15.25,-15.57,-18.57,-23.36,-24.08,-22.88,-17.08,-12.94,-11.85,-14.09,-23.69,-19.54,-12.17,-10.10,-11.43,-18.29,-18.30,-10.78,-9.18,-11.62,-19.79,-15.83,-11.91,-13.15,-21.66,-21.76,-14.41,-13.85,-17.46,-24.86,-20.75,-19.34,-24.69,-28.08,-18.09,-16.15,-18.68,-23.14,-17.94,-15.88,-18.47,-27.40,-20.30,-16.88,-18.07,-23.67,-28.75,-27.04,-34.75,-24.13,-17.77,-15.83,-17.08,-22.59,-24.03,-17.23,-14.73,-14.70,-16.67,-19.32,-16.21,-12.25,-10.69,-11.56,-14.56,-15.54,-13.00,-12.01,-13.13,-16.17,-20.70,-25.69,-28.60,-25.28,-22.03,-21.25,-22.18,-20.59,-17.31,-15.89,-16.81,-20.44,-27.39,-24.42,-19.80,-17.89,-18.18,-21.56,-35.53,-24.90,-18.83,-17.08,-17.59,-19.79,-22.98,-24.08,-20.68,-17.04,-14.89,-14.48,-15.97,-18.99,-19.92,-18.39,-18.29,-18.82,-17.65,-16.53,-17.34,-20.53,-25.91,-34.07,-32.25,-21.85,-17.41,-15.73,-16.06,-18.25,-22.52,-29.01,-33.93
ARG002,X3SY2Q38.DTA,R,false,84.0,-34.01,-34.17,-35.23,-27.89,-24.87,-44.58,-15.28,-8.16,-5.36,-5.69,-7.13,-3.81,-0.63,-0.03,-2.07,-7.88,-19.96,-9.88,-7.45,-9.04,-16.60,-17.99,-8.29,-4.82,-3.39,-2.95,-3.15,-4.07,-6.11,-10.34,-19.46,-12.49,-7.03,-4.90,-4.83,-6.37,-8.65,-9.78,-9.87,-9.59,-8.24,-6.50,-5.34,-4.89,-5.25,-6.90,-10.91,-20.31,-14.52,-9.69,-9.61,-15.86,-17.45,-7.25,-4.37,-4.87,-8.45,-13.39,-12.53,-13.63,-15.57,-9.79,-7.01,-7.15,-7.34,-5.20,-3.80,-4.72,-8.59,-16.07,-17.00,-16.57,-20.93,-19.41,-16.06,-14.77,-12.75,-10.52,-9.35,-9.09,-8.37,-6.44,-4.72,-4.19,-5.12,-7.51,-10.90,-13.45,-14.88,-16.80,-14.58,-11.53,-11.93,-19.19,-17.69,-9.02,-6.22,-5.78,-6.55,-7.75,-8.76,-9.50,-11.00,-15.22,-29.76,-18.05,-14.29,-15.90,-16.63,-9.72,-6.02,-5.15,-6.26,-6.91,-5.22,-4.12,-4.96,-8.01,-12.94,-14.07,-12.12,-11.38,-10.38,-8.81,-8.16,-9.29,-12.54,-16.41,-15.07,-13.04,-12.50,-12.48,-12.43,-12.79,-14.02,-15.80,-15.74,-13.35,-11.35,-10.53,-10.84,-12.31,-14.73,-15.93,-14.44,-13.26,-13.26,-13.79,-13.72,-13.04,-13.07,-14.77,-18.47,-20.76,-17.57,-14.54,-12.52,-11.47,-11.81,-14.50,-22.63,-27.54,-21.30,-28.66,-20.22,-13.67,-12.85,-17.19,-43.41,-18.70,-17.70,-21.68,-17.84,-14.68,-15.75,-21.23,-21.85,-17.68,-17.52,-20.28,-23.18,-22.46,-22.38,-24.43,-26.87,-24.83,-19.72,-15.37,-12.59,-11.37,-11.63,-13.38,-16.85,-22.84,-34.14,-28.30,-23.85,-22.50,-22.14,-20.91,-19.34,-18.88,-20.08,-23.15,-28.07,-30.55,-26.14,-21.88,-18.99,-17.47,-17.08,-17.30,-17.43,-17.72,-19.43,-23.04,-23.46,-21.15,-21.13,-20.41,-17.28,-15.82,-17.35,-23.50,-38.13,-25.97,-24.08,-20.61,-17.89,-18.40,-24.20,-33.13,-20.94,-18.90,-20.65,-26.10,-31.16,-23.32,-18.93,-17.24,-17.64,-18.89,-18.28,-16.93,-17.27,-20.33,-27.72,-27.86,-24.54,-27.89,-31.33,-20.57,-16.35,-15.07,-16.18,-20.48,-28.96
ARG002,X3SY2Q36.DTA,R,false,83.7,-47.54,-42.90,-32.82,-27.77,-28.51,-36.03,-17.48,-9.85,-5.27,-2.77,-2.08,-2.85,-3.53,-2.68,-2.26,-3.99,-8.04,-9.41,-8.41,-11.03,-12.12,-7.07,-5.49,-7.34,-11.71,-11.85,-10.26,-10.97,-11.60,-10.53,-9.82,-9.89,-9.91,-9.63,-9.28,-8.58,-7.47,-7.05,-8.32,-11.77,-17.03,-18.45,-10.92,-5.98,-4.20,-5.43,-10.31,-16.23,-14.23,-18.52,-22.81,-13.50,-12.82,-12.90,-8.76,-6.62,-7.95,-15.16,-15.08,-7.38,-5.24,-5.95,-9.27,-16.05,-17.54,-12.49,-10.86,-11.12,-9.52,-5.77,-3.58,-3.97,-8.02,-14.07,-6.66,-3.81,-4.41,-7.57,-10.20,-8.89,-8.54,-10.82,-17.76,-19.49,-11.72,-9.32,-9.42,-11.05,-14.57,-20.28,-11.58,-6.34,-4.44,-5.12,-8.68,-16.74,-16.12,-12.22,-12.33,-15.20,-21.78,-24.93,-17.09,-13.66,-11.56,-9.68,-8.59,-9.11,-11.70,-16.16,-18.64,-18.34,-17.06,-14.37,-13.12,-14.76,-22.13,-23.38,-14.27,-11.28,-10.92,-12.88,-17.37,-16.31,-11.97,-10.96,-13.75,-25.16,-18.09,-13.60,-14.66,-21.53,-29.31,-21.24,-19.37,-15.66,-12.87,-12.49,-14.48,-18.73,-24.53,-27.03,-22.35,-18.17,-15.84,-15.12,-16.13,-19.77,-29.58,-26.52,-22.72,-26.61,-32.10,-19.29,-15.37,-14.45,-15.53,-18.71,-27.67,-24.29,-15.87,-12.91,-12.97,-16.31,-27.46,-21.75,-16.00,-14.73,-15.96,-19.69,-25.89,-26.67,-27.28,-42.48,-25.98,-20.47,-18.89,-18.39,-17.81,-18.82,-25.52,-25.49,-16.15,-13.36,-13.74,-16.92,-22.06,-22.15,-20.78,-21.43,-22.90,-23.56,-22.51,-21.39,-22.02,-25.88,-36.70,-22.47,-15.99,-12.72,-11.67,-12.71,-16.29,-24.49,-31.15,-23.72,-22.55,-23.20,-24.31,-25.90,-27.56,-27.16,-25.60,-24.96,-25.55,-25.21,-20.91,-16.91,-15.03,-15.54,-19.17,-27.61,-25.45,-24.60,-34.52,-22.49,-17.22,-16.47,-19.43,-28.85,-30.49,-26.09,-28.42,-28.71,-28.22,-36.71,-24.12,-18.19,-16.54,-18.15,-24.18,-34.26,-26.29,-28.30,-38.78,-23.63,-19.87,-19.78,-22.11,-25.20,-28.26,-41.10,-27.44,-21.33,-20.17,-23.12,-29.50
ARG002,X3SY2Q40.DTA,L,false,85.2,-36.29,-39.21,-33.55,-30.44,-27.10,-20.20,-15.27,-12.75,-12.06,-12.11,-11.65,-10.85,-11.48,-17.19,-19.02,-7.81,-4.23,-4.04,-7.25,-17.97,-14.18,-8.41,-7.44,-8.62,-11.08,-14.46,-19.31,-21.33,-14.75,-11.01,-10.37,-13.56,-22.36,-12.99,-9.51,-10.81,-15.86,-9.52,-5.00,-3.94,-5.73,-10.37,-10.62,-6.28,-4.01,-2.99,-2.45,-2.14,-2.27,-3.43,-6.48,-13.49,-17.80,-10.35,-7.81,-7.21,-8.09,-11.36,-16.43,-11.51,-8.05,-7.69,-9.89,-15.24,-31.04,-19.99,-14.83,-12.39,-10.23,-8.67,-8.80,-11.55,-15.93,-12.31,-9.78,-11.48,-21.18,-12.06,-6.01,-4.08,-4.87,-8.87,-16.92,-10.35,-6.47,-5.86,-7.55,-11.30,-13.73,-10.05,-6.96,-5.82,-6.78,-10.67,-14.52,-8.62,-5.55,-5.46,-8.43,-16.15,-12.03,-6.81,-5.23,-6.07,-9.49,-16.49,-17.05,-13.66,-14.35,-18.72,-24.17,-19.49,-15.40,-13.21,-13.17,-15.32,-14.31,-10.00,-7.92,-8.47,-12.32,-25.33,-19.31,-14.69,-15.33,-17.39,-16.50,-15.93,-18.76,-30.97,-23.50,-17.83,-17.11,-18.36,-17.43,-14.87,-13.62,-13.68,-14.08,-13.45,-12.00,-11.31,-12.17,-14.13,-14.90,-14.49,-15.19,-17.11,-19.30,-18.78,-14.95,-12.68,-13.18,-17.51,-27.27,-17.38,-13.29,-12.24,-13.71,-19.78,-24.42,-14.15,-10.84,-10.25,-11.70,-15.79,-23.70,-17.79,-13.61,-12.71,-13.83,-16.37,-20.70,-27.12,-20.24,-15.67,-14.36,-15.12,-15.98,-14.98,-14.37,-16.22,-21.81,-19.64,-14.64,-13.44,-15.54,-22.80,-28.73,-20.98,-20.91,-23.12,-22.24,-22.00,-25.65,-30.27,-28.35,-31.47,-24.90,-19.41,-18.24,-20.89,-31.30,-27.57,-20.84,-18.19,-17.06,-17.55,-19.99,-22.25,-20.74,-19.81,-20.54,-20.47,-18.17,-15.44,-13.25,-12.24,-12.94,-15.89,-21.63,-24.47,-22.98,-23.59,-21.58,-18.47,-17.44,-18.78,-23.16,-31.24,-25.51,-21.91,-21.52,-23.65,-28.38,-29.43,-26.25,-25.63,-26.11,-25.30,-24.21,-24.34,-25.48,-26.27,-25.88,-25.73,-27.39,-30.68,-29.94,-27.36,-25.64,-23.72,-22.99,-25.30,-32.37,-28.35,-25.41
ARG002,X3SY2Q41.DTA,L,false,85.2,-46.58,-43.44,-41.83,-33.07,-29.28,-27.18,-21.25,-17.87,-13.88,-7.31,-2.57,-0.27,-0.35,-3.29,-12.31,-13.82,-5.93,-4.41,-5.64,-9.03,-13.71,-13.64,-10.26,-8.47,-8.91,-11.98,-13.68,-9.80,-7.80,-7.86,-8.64,-8.92,-9.45,-11.06,-12.54,-12.44,-12.39,-12.14,-9.79,-7.23,-5.63,-4.66,-4.07,-4.25,-5.97,-10.88,-24.41,-11.24,-7.30,-7.00,-9.47,-15.18,-17.95,-13.41,-11.86,-13.08,-16.38,-15.72,-11.80,-8.72,-6.35,-5.27,-6.14,-9.64,-16.79,-23.78,-27.50,-18.29,-13.05,-11.96,-12.41,-12.40,-12.61,-9.88,-5.40,-3.04,-2.99,-5.05,-8.76,-12.75,-16.14,-20.50,-21.48,-11.55,-6.23,-4.16,-4.80,-8.24,-13.45,-15.60,-20.24,-14.70,-8.76,-7.36,-9.44,-15.27,-15.77,-12.01,-11.35,-12.55,-14.58,-16.38,-16.56,-14.27,-11.04,-8.53,-7.32,-7.46,-9.02,-12.09,-16.28,-16.53,-12.75,-9.99,-8.94,-9.80,-13.08,-20.01,-24.55,-21.64,-24.69,-35.90,-18.69,-13.09,-10.84,-11.30,-15.37,-24.31,-15.73,-12.44,-12.80,-15.85,-20.92,-24.90,-22.58,-18.21,-15.68,-14.82,-14.45,-13.24,-11.58,-10.62,-10.89,-12.42,-15.20,-20.52,-24.84,-15.46,-11.84,-11.57,-13.07,-12.50,-10.93,-11.78,-15.97,-17.69,-14.26,-14.17,-17.67,-22.79,-21.01,-20.56,-25.13,-28.20,-19.41,-16.75,-17.73,-19.29,-15.69,-12.90,-12.57,-14.50,-18.72,-22.58,-19.71,-17.21,-16.69,-17.45,-17.00,-14.67,-13.37,-14.27,-18.06,-26.62,-40.54,-45.02,-25.81,-20.75,-20.96,-27.78,-23.94,-17.61,-16.13,-17.99,-24.44,-31.22,-23.71,-23.91,-30.26,-25.38,-20.82,-21.21,-25.67,-22.63,-18.55,-18.70,-23.80,-27.36,-20.33,-18.90,-20.74,-23.05,-22.68,-23.54,-28.80,-44.69,-26.57,-22.53,-23.08,-31.41,-22.34,-16.39,-15.42,-19.04,-26.25,-18.44,-16.48,-18.38,-18.45,-15.69,-15.54,-18.12,-18.87,-16.62,-16.65,-19.57,-21.33,-18.84,-18.67,-22.64,-39.10,-29.58,-28.69,-29.64,-23.08,-21.29,-25.27,-36.29,-20.92,-17.55,-18.19,-22.56,-22.89,-17.82,-15.96,-16.26,-16.90
ARG003,X3SY2Q47.DTA,L,false,84.0,-36.04,-40.94,-41.26,-27.42,-17.32,-12.07,-9.91,-7.55,-3.70,-2.17,-5.42,-17.36,-0.53,3.70,3.99,0.86,-5.54,-1.65,2.17,3.40,3.44,2.83,1.16,-2.62,-10.69,-8.24,-2.87,-1.13,-1.88,-5.26,-11.00,-10.38,-10.50,-22.81,-6.75,-0.71,1.44,1.12,-1.52,-6.97,-17.01,-17.28,-13.64,-13.37,-15.24,-19.89,-20.30,-13.65,-11.42,-13.78,-34.80,-12.82,-7.53,-6.76,-9.97,-20.85,-10.23,-5.12,-3.49,-3.81,-5.31,-6.84,-7.10,-6.05,-4.60,-3.93,-4.95,-8.48,-16.98,-28.35,-17.38,-12.27,-8.99,-8.51,-10.69,-12.90,-11.28,-10.99,-12.55,-12.01,-10.58,-10.60,-10.94,-10.87,-12.15,-15.90,-15.47,-11.57,-10.34,-11.39,-13.25,-13.81,-14.55,-17.88,-17.65,-11.58,-8.37,-7.48,-8.54,-11.72,-15.20,-12.81,-10.37,-9.71,-10.54,-12.90,-15.83,-15.93,-14.49,-12.84,-10.19,-8.29,-8.34,-10.95,-18.77,-21.36,-12.03,-9.02,-8.82,-11.48,-19.27,-19.90,-15.40,-17.05,-19.69,-14.82,-13.08,-15.70,-26.41,-22.14,-18.30,-21.37,-27.45,-19.05,-16.11,-16.06,-17.74,-19.94,-19.36,-16.31,-13.68,-12.17,-12.00,-13.21,-15.26,-16.15,-15.30,-15.20,-17.06,-20.05,-19.39,-17.91,-18.61,-17.70,-14.41,-13.14,-14.82,-19.72,-19.40,-16.37,-17.16,-22.15,-25.24,-21.07,-20.92,-23.35,-23.56,-20.74,-18.54,-17.24,-16.61,-16.68,-17.89,-21.20,-29.35,-32.75,-26.67,-23.80,-19.01,-15.82,-15.01,-16.35,-19.38,-21.63,-21.45,-20.29,-18.03,-16.16,-15.70,-16.78,-19.06,-21.61,-22.88,-22.54,-21.64,-20.57,-19.20,-17.40,-15.69,-14.86,-15.47,-18.15,-24.07,-32.99,-33.76,-25.21,-18.64,-16.20,-17.43,-24.42,-28.58,-21.32,-21.66,-22.93,-20.57,-21.06,-28.62,-26.63,-21.99,-23.14,-21.11,-16.81,-15.52,-16.72,-18.62,-19.59,-21.41,-24.80,-26.77,-29.50,-39.76,-28.96,-26.69,-30.54,-37.81,-31.25,-30.42,-28.18,-24.63,-24.30,-28.14,-33.12,-28.89,-30.75,-36.50,-23.51,-19.17,-18.12,-19.31,-22.17,-25.79,-29.96,-30.87,-26.45,-24.77,-26.49,-29.46
ARG003,X3SY2Q43.DTA,R,false,84.2,-53.16,-40.40,-37.92,-33.79,-24.55,-19.28,-17.44,-14.95,-10.32,-7.87,-8.28,-10.78,-11.50,-11.23,-13.16,-10.75,-6.34,-3.96,-2.88,-2.74,-3.87,-7.06,-13.72,-12.96,-7.57,-5.36,-4.98,-6.08,-9.13,-15.45,-20.09,-19.97,-31.06,-11.72,-6.19,-4.31,-5.08,-8.53,-13.06,-11.55,-10.63,-12.86,-14.97,-12.73,-11.89,-13.20,-12.63,-8.69,-6.08,-5.97,-9.67,-37.82,-9.54,-5.19,-4.97,-7.77,-13.25,-17.18,-17.72,-16.18,-13.73,-13.18,-12.28,-9.83,-8.89,-10.46,-13.04,-12.51,-12.92,-20.21,-16.20,-8.41,-5.44,-4.47,-4.36,-4.27,-3.95,-3.87,-4.81,-8.07,-18.57,-11.23,-4.95,-3.10,-4.13,-8.81,-22.81,-11.06,-7.26,-6.87,-8.67,-13.76,-15.20,-7.21,-3.66,-2.81,-4.03,-7.01,-11.39,-17.21,-23.92,-19.39,-18.21,-20.53,-16.63,-12.57,-10.92,-9.94,-8.86,-8.61,-10.04,-13.63,-19.85,-21.59,-16.04,-12.84,-11.22,-10.16,-9.21,-8.76,-9.35,-11.17,-14.18,-17.18,-15.67,-12.53,-11.20,-12.45,-17.73,-21.48,-14.28,-12.13,-13.08,-15.91,-16.75,-14.36,-12.50,-12.08,-13.15,-14.63,-14.25,-13.15,-12.97,-13.82,-16.24,-22.28,-21.22,-15.25,-13.86,-15.93,-20.67,-20.87,-19.55,-18.83,-15.46,-13.08,-12.88,-14.21,-15.81,-17.64,-21.22,-23.23,-20.93,-19.74,-18.15,-16.93,-18.34,-22.99,-20.82,-17.43,-17.36,-18.63,-18.07,-16.72,-16.40,-17.50,-21.27,-37.14,-23.87,-18.40,-16.93,-17.28,-18.97,-21.74,-20.69,-17.28,-16.22,-17.88,-22.25,-26.03,-22.53,-17.31,-13.55,-11.95,-12.66,-16.19,-24.59,-30.17,-26.67,-33.43,-32.40,-23.94,-20.87,-19.77,-20.44,-23.06,-24.43,-21.12,-18.55,-17.87,-19.27,-23.13,-28.11,-29.21,-31.07,-24.63,-19.43,-17.89,-19.91,-27.96,-25.65,-20.92,-21.71,-20.48,-15.56,-13.78,-16.10,-21.86,-13.82,-9.81,-9.55,-13.10,-25.18,-17.07,-13.10,-13.67,-17.05,-20.94,-23.99,-34.02,-24.79,-20.39,-22.36,-46.74,-19.85,-15.03,-14.32,-16.75,-21.58,-21.98,-22.38,-28.78,-20.22,-15.21,-14.55,-18.29,-33.26
ARG003,X3SY2Q44.DTA,R,false,84.2,-43.12,-49.50,-44.78,-31.15,-28.35,-33.13,-14.77,-7.59,-3.90,-2.41,-2.34,-2.90,-3.94,-6.38,-11.39,-13.25,-9.72,-8.82,-10.14,-14.04,-23.43,-14.01,-8.99,-7.51,-8.02,-9.49,-10.88,-11.77,-12.77,-13.30,-10.02,-6.20,-4.40,-5.11,-9.73,-15.59,-6.06,-2.55,-2.18,-4.40,-9.11,-10.06,-6.97,-6.19,-8.18,-14.41,-13.77,-7.79,-6.21,-8.10,-15.20,-18.65,-11.18,-9.60,-10.52,-12.02,-12.08,-11.90,-13.83,-20.71,-25.14,-18.40,-20.21,-16.74,-10.14,-7.28,-6.92,-8.26,-10.12,-10.89,-10.82,-11.07,-11.88,-12.05,-11.16,-10.83,-11.29,-11.53,-11.96,-13.40,-13.79,-13.08,-13.91,-11.88,-7.48,-5.25,-5.38,-7.80,-11.85,-12.32,-10.63,-11.12,-14.11,-20.09,-49.70,-18.40,-13.26,-12.75,-16.90,-28.48,-19.09,-18.16,-22.15,-21.06,-18.16,-17.39,-16.34,-13.43,-10.09,-8.16,-8.37,-10.92,-13.18,-9.87,-6.87,-5.67,-5.99,-7.75,-11.15,-17.25,-25.84,-14.00,-8.95,-6.81,-6.76,-8.87,-14.25,-20.01,-13.36,-10.98,-12.02,-17.23,-30.82,-18.66,-17.79,-29.26,-17.19,-9.87,-7.10,-6.80,-8.53,-12.27,-17.97,-23.98,-24.47,-20.49,-17.65,-16.77,-17.38,-18.30,-18.11,-17.27,-16.71,-16.50,-15.93,-14.44,-13.35,-14.09,-17.36,-19.43,-16.21,-15.21,-17.39,-21.87,-23.29,-23.93,-25.14,-22.27,-20.77,-19.94,-16.81,-14.39,-14.11,-15.70,-18.08,-21.26,-28.03,-17.59,-12.23,-10.87,-13.21,-22.79,-19.58,-14.51,-15.57,-20.23,-18.50,-17.50,-24.09,-20.30,-13.09,-10.98,-11.65,-14.67,-20.62,-34.13,-26.32,-22.04,-22.45,-30.66,-25.82,-17.96,-16.22,-18.90,-31.34,-24.30,-21.21,-24.46,-20.51,-16.17,-15.72,-17.53,-17.22,-15.46,-15.77,-18.55,-22.56,-24.01,-23.73,-23.04,-22.24,-21.25,-20.07,-20.60,-26.37,-28.04,-18.13,-15.10,-15.34,-18.80,-29.06,-28.04,-21.80,-21.10,-23.40,-27.19,-23.61,-19.05,-16.73,-16.44,-18.45,-24.74,-35.15,-21.28,-17.40,-15.83,-15.25,-15.35,-16.38,-18.55,-20.99,-20.87,-19.51,-19.43,-21.33,-26.15,-34.84
ARG003,X3SY2Q42.DTA,R,false,84.2,-54.41,-43.01,-46.13,-33.12,-23.48,-19.41,-18.07,-18.71,-22.14,-39.06,-15.90,-10.00,-8.13,-10.17,-26.89,-9.11,-2.66,-0.05,0.31,-1.35,-4.82,-8.28,-9.25,-10.18,-11.52,-10.79,-9.31,-9.28,-11.83,-15.34,-9.49,-5.48,-4.32,-5.58,-10.21,-14.49,-6.96,-3.90,-4.06,-6.62,-7.75,-6.51,-8.55,-11.61,-3.91,-0.26,-0.15,-3.81,-15.94,-7.49,-3.84,-4.95,-7.62,-5.25,-2.83,-2.73,-4.75,-8.66,-13.58,-17.18,-23.48,-22.35,-12.41,-8.87,-8.53,-11.53,-22.60,-16.78,-10.14,-7.90,-7.71,-9.27,-13.74,-39.00,-13.69,-8.61,-7.54,-9.76,-17.59,-23.36,-15.52,-15.96,-16.71,-13.76,-12.62,-13.59,-15.87,-20.05,-23.28,-19.18,-17.76,-14.92,-10.73,-8.75,-9.33,-13.23,-25.86,-14.77,-10.29,-10.52,-16.35,-22.97,-12.03,-10.00,-11.77,-16.47,-17.85,-15.41,-15.02,-15.81,-15.41,-13.75,-12.65,-12.72,-14.31,-18.25,-18.83,-12.75,-9.24,-7.85,-8.27,-11.06,-19.68,-19.09,-11.46,-9.60,-10.57,-13.81,-18.56,-21.12,-20.13,-18.54,-17.00,-15.73,-15.07,-15.59,-18.11,-23.76,-21.93,-17.69,-18.49,-29.78,-20.59,-14.28,-13.06,-14.48,-16.76,-18.78,-21.19,-18.86,-16.05,-16.68,-21.24,-26.09,-27.80,-32.40,-17.39,-12.39,-10.69,-11.15,-13.61,-19.31,-32.30,-19.17,-15.90,-16.12,-17.59,-17.01,-15.32,-14.94,-16.97,-24.75,-25.28,-17.08,-15.58,-18.14,-28.45,-21.41,-14.55,-11.45,-10.32,-10.80,-12.80,-16.59,-21.83,-18.88,-14.44,-12.64,-13.11,-16.14,-23.79,-27.79,-21.04,-20.20,-21.33,-21.54,-21.92,-25.65,-36.13,-26.35,-23.14,-24.26,-28.42,-24.43,-19.47,-17.34,-17.26,-18.39,-18.11,-15.65,-13.75,-13.39,-14.83,-18.65,-27.61,-31.74,-22.37,-19.46,-18.66,-19.14,-20.37,-21.84,-24.14,-30.67,-33.69,-22.23,-18.22,-17.05,-17.87,-19.95,-21.59,-22.21,-22.75,-21.06,-18.13,-16.72,-17.69,-22.25,-30.50,-21.75,-18.51,-19.03,-23.73,-30.20,-22.31,-20.08,-21.99,-24.37,-18.89,-15.60,-15.22,-17.79,-25.74,-26.96,-19.94,-17.95,-17.58
ARG003,X3SY2Q45.DTA,L,false,84.0,-51.74,-41.58,-38.64,-31.91,-18.49,-12.64,-11.11,-12.07,-10.23,-8.87,-12.55,-14.66,-10.97,-25.61,-5.21,1.23,2.61,-0.13,-3.27,2.20,4.55,3.65,0.29,-1.50,-0.29,-1.61,-8.85,-4.24,2.39,4.65,4.19,1.10,-5.45,-11.76,-9.06,-10.50,-15.93,-13.59,-10.10,-10.62,-15.51,-17.09,-13.11,-14.65,-20.05,-11.95,-7.84,-6.94,-8.24,-10.90,-12.09,-11.34,-11.71,-14.00,-18.63,-28.97,-21.13,-16.24,-15.70,-16.37,-14.02,-11.27,-9.61,-8.31,-6.95,-6.20,-7.25,-11.89,-14.36,-7.55,-5.59,-7.67,-15.23,-12.31,-8.43,-10.17,-16.45,-8.80,-4.66,-4.12,-6.49,-12.64,-21.86,-16.51,-16.36,-18.03,-13.69,-9.65,-8.10,-9.22,-14.56,-16.12,-8.51,-5.99,-7.18,-14.51,-15.96,-7.75,-6.72,-9.99,-15.19,-12.54,-13.43,-22.48,-15.25,-11.89,-14.43,-18.65,-12.86,-11.22,-14.13,-21.61,-15.73,-12.85,-14.04,-18.28,-20.64,-20.67,-22.01,-15.68,-11.39,-10.07,-10.97,-13.02,-13.58,-12.68,-12.76,-15.01,-21.56,-18.47,-11.20,-8.06,-7.65,-10.36,-20.93,-16.73,-10.29,-9.70,-13.29,-23.41,-17.68,-14.99,-17.22,-19.70,-15.23,-12.35,-11.43,-11.67,-12.49,-13.60,-15.10,-17.64,-22.59,-26.23,-19.63,-16.13,-15.23,-16.68,-21.65,-27.43,-18.79,-15.16,-14.27,-15.25,-17.76,-20.71,-20.89,-19.06,-17.65,-16.36,-14.96,-14.60,-16.79,-23.03,-19.11,-14.66,-14.48,-18.57,-27.13,-20.12,-18.17,-19.38,-18.92,-17.51,-19.19,-28.67,-25.90,-19.19,-18.14,-17.96,-16.12,-14.77,-15.42,-18.65,-25.18,-25.32,-21.35,-20.58,-22.61,-28.81,-35.79,-27.60,-25.38,-23.04,-19.30,-16.76,-15.99,-16.70,-17.84,-17.56,-15.73,-14.01,-13.54,-14.93,-18.04,-18.96,-17.85,-19.95,-30.93,-22.73,-17.58,-17.17,-19.80,-24.80,-31.35,-45.33,-27.01,-22.62,-22.33,-23.55,-21.77,-19.83,-20.66,-25.75,-32.94,-25.55,-24.95,-30.16,-30.32,-24.75,-23.69,-25.04,-26.66,-27.72,-29.99,-32.02,-27.71,-23.66,-21.87,-22.84,-29.68,-30.14,-20.11,-16.92,-16.98,-20.40,-26.32
ARG003,X3SY2Q46.DTA,L,false,84.0,-53.76,-46.83,-36.47,-30.96,-33.32,-14.93,-7.04,-3.24,-2.61,-6.12,-27.17,-6.11,-2.13,-2.19,-4.71,-9.05,-17.10,-18.83,-10.43,-8.28,-8.13,-7.13,-5.02,-3.32,-2.60,-3.30,-5.84,-8.58,-6.49,-4.18,-4.00,-5.84,-8.80,-9.42,-7.27,-5.22,-4.17,-4.52,-6.47,-9.80,-14.10,-19.13,-16.22,-13.82,-17.38,-28.02,-13.06,-10.29,-11.88,-17.23,-20.18,-20.92,-33.99,-17.98,-12.92,-11.41,-11.66,-13.26,-16.59,-17.11,-11.63,-8.40,-7.73,-8.68,-8.19,-6.35,-6.41,-9.77,-12.12,-7.11,-5.01,-5.69,-7.89,-9.54,-11.87,-20.36,-11.59,-5.61,-3.57,-3.97,-6.48,-10.80,-14.78,-15.26,-15.47,-17.87,-18.82,-12.23,-8.17,-6.60,-6.79,-8.02,-9.17,-8.97,-7.51,-6.17,-6.12,-8.45,-16.59,-17.37,-8.53,-6.01,-6.14,-8.26,-12.67,-19.27,-13.70,-9.51,-8.50,-9.99,-13.93,-20.26,-25.21,-19.35,-14.12,-11.10,-9.58,-9.15,-9.76,-11.26,-12.73,-12.75,-12.15,-13.09,-18.04,-22.12,-13.06,-10.12,-10.37,-13.26,-19.86,-30.14,-14.91,-9.88,-8.06,-8.67,-11.89,-18.98,-24.53,-19.86,-19.89,-24.23,-26.97,-18.82,-15.66,-16.54,-24.78,-19.42,-12.02,-9.57,-9.72,-11.78,-15.13,-20.48,-28.62,-14.99,-9.87,-8.06,-8.74,-11.74,-14.80,-13.56,-12.84,-14.30,-16.40,-17.52,-20.39,-31.87,-27.31,-23.92,-28.33,-21.20,-16.29,-15.76,-19.46,-23.61,-16.72,-13.74,-13.63,-15.74,-19.83,-22.88,-21.73,-22.04,-25.05,-21.63,-16.25,-13.73,-13.69,-16.37,-23.17,-24.00,-19.61,-20.17,-26.85,-31.90,-22.18,-21.34,-27.09,-31.63,-21.08,-19.20,-21.66,-30.25,-31.99,-27.32,-27.29,-25.84,-20.70,-15.78,-12.95,-12.55,-15.10,-23.63,-26.74,-19.46,-20.03,-25.92,-27.05,-23.34,-25.27,-35.82,-29.21,-26.44,-33.35,-28.97,-20.41,-17.74,-18.27,-21.87,-28.84,-32.34,-38.84,-30.73,-21.92,-18.17,-16.77,-17.12,-19.43,-25.23,-35.92,-26.17,-24.80,-29.39,-28.74,-21.58,-19.17,-19.80,-23.27,-29.02,-26.19,-21.32,-18.42,-17.14,-17.49,-19.36,-20.93
ARG004,X3SY2Q50.DTA,R,false,84.2,-41.77,-46.98,-34.73,-43.41,-25.38,-19.63,-18.20,-18.82,-19.09,-28.45,-14.15,-5.77,-2.16,-1.45,-3.59,-10.05,-23.81,-9.08,-4.85,-2.36,0.02,1.98,2.59,1.17,-2.84,-7.40,-6.21,-6.74,-10.10,-7.04,-3.54,-3.05,-5.30,-10.57,-10.45,-6.35,-5.95,-9.91,-17.56,-9.04,-6.58,-8.64,-15.73,-11.80,-7.88,-7.52,-8.26,-7.91,-7.32,-7.69,-8.64,-9.18,-9.03,-9.26,-11.45,-16.83,-14.44,-9.96,-8.45,-8.28,-8.91,-11.61,-19.66,-16.74,-11.90,-11.94,-13.77,-13.34,-14.24,-21.59,-15.18,-9.87,-9.34,-12.86,-16.05,-10.99,-9.16,-10.65,-15.86,-21.06,-16.33,-15.02,-16.11,-17.99,-19.94,-23.68,-24.88,-17.48,-13.14,-11.34,-11.95,-16.09,-31.30,-16.50,-12.01,-11.55,-14.64,-27.39,-18.61,-11.98,-9.70,-9.69,-11.89,-18.22,-27.33,-15.20,-12.42,-12.97,-15.88,-17.59,-15.56,-14.84,-16.37,-20.20,-27.95,-33.19,-23.10,-20.25,-21.05,-21.95,-18.63,-18.01,-23.49,-18.39,-11.79,-9.64,-10.28,-12.51,-14.26,-16.41,-22.22,-17.18,-12.19,-11.19,-13.54,-21.37,-25.97,-17.84,-17.72,-23.58,-19.99,-13.75,-11.93,-13.77,-23.34,-18.00,-11.17,-9.41,-10.34,-12.61,-13.55,-13.77,-16.11,-22.59,-33.52,-27.89,-30.79,-35.51,-28.26,-24.59,-22.65,-22.40,-24.39,-29.18,-37.49,-55.90,-39.99,-30.91,-24.55,-20.23,-17.62,-16.23,-15.43,-14.71,-13.90,-13.08,-12.57,-12.74,-14.06,-17.27,-24.67,-37.01,-26.12,-29.14,-28.08,-19.44,-16.51,-16.79,-20.06,-27.81,-33.73,-24.58,-21.34,-21.28,-24.83,-36.97,-33.45,-29.42,-26.65,-23.19,-22.16,-24.40,-29.42,-24.59,-19.80,-17.23,-15.93,-15.65,-16.59,-19.30,-24.80,-31.50,-30.67,-32.46,-26.87,-21.53,-19.25,-18.69,-18.67,-18.58,-18.59,-18.93,-19.58,-20.23,-20.39,-19.81,-18.55,-17.07,-16.30,-17.08,-20.24,-24.74,-21.48,-18.33,-17.87,-19.96,-26.11,-38.89,-23.99,-20.18,-19.22,-19.85,-21.11,-20.94,-19.31,-18.84,-21.04,-29.30,-27.45,-19.98,-17.67,-17.76,-19.52,-22.01,-22.84,-21.81,-21.22
ARG004,X3SY2Q52.DTA,L,false,84.0,-41.17,-45.43,-37.25,-31.17,-29.56,-19.40,-13.51,-12.18,-12.56,-5.68,-0.39,2.08,2.53,1.71,0.39,-1.88,-7.78,-12.07,-3.65,-1.60,-3.23,-8.58,-12.79,-9.83,-10.72,-16.50,-37.80,-27.85,-30.31,-22.42,-19.91,-24.29,-24.65,-16.48,-13.95,-14.30,-16.73,-20.86,-26.77,-31.52,-21.98,-15.47,-11.65,-9.97,-10.47,-13.90,-23.19,-17.08,-11.65,-9.95,-10.79,-14.73,-23.58,-18.14,-14.97,-16.10,-19.33,-19.30,-18.72,-18.68,-15.63,-13.24,-13.25,-15.70,-21.11,-37.19,-23.58,-16.64,-13.36,-12.15,-12.79,-15.29,-16.11,-11.76,-8.63,-7.70,-8.94,-12.83,-21.31,-28.21,-19.46,-13.10,-9.20,-7.90,-9.12,-13.13,-19.62,-21.98,-24.57,-24.29,-19.58,-19.70,-21.89,-17.75,-14.64,-14.54,-17.32,-23.16,-27.86,-23.30,-17.49,-13.55,-11.82,-12.29,-15.21,-19.85,-18.57,-16.03,-15.90,-17.19,-18.03,-18.35,-20.22,-25.71,-38.54,-33.69,-47.91,-25.69,-19.47,-17.15,-17.16,-19.03,-22.32,-24.31,-22.88,-21.57,-21.15,-21.23,-22.19,-24.17,-23.54,-20.60,-19.13,-19.49,-21.27,-23.65,-25.53,-26.11,-26.36,-28.77,-40.47,-31.13,-24.98,-23.85,-26.36,-35.13,-35.20,-28.75,-26.97,-26.25,-25.65,-24.91,-23.48,-21.48,-20.07,-19.92,-20.79,-21.45,-22.06,-25.53,-37.32,-23.12,-18.57,-17.67,-19.11,-21.96,-23.86,-23.27,-21.88,-21.55,-23.88,-32.69,-31.53,-25.75,-27.12,-37.10,-28.24,-23.79,-23.68,-25.98,-28.84,-32.08,-37.71,-30.51,-25.74,-24.11,-24.61,-27.37,-34.21,-36.45,-29.51,-26.90,-25.84,-25.17,-24.52,-24.38,-25.45,-27.79,-30.37,-31.30,-27.93,-23.79,-21.50,-20.86,-21.16,-21.95,-23.67,-26.72,-28.01,-26.27,-25.88,-27.34,-29.69,-31.72,-32.44,-31.19,-29.92,-29.70,-30.13,-31.05,-33.59,-40.21,-35.52,-29.44,-27.34,-28.18,-31.46,-30.92,-27.43,-26.50,-28.32,-33.56,-41.18,-34.13,-29.52,-26.39,-24.28,-23.43,-24.14,-26.93,-32.14,-30.36,-26.10,-25.02,-27.05,-34.73,-37.95,-29.81,-29.18,-32.40,-34.15,-30.90,-30.29,-31.27,-28.77,-25.74,-24.71
ARG004,X3SY2Q48.DTA,R,false,84.0,-47.54,-50.11,-43.93,-36.76,-31.98,-28.06,-21.55,-15.25,-10.99,-8.56,-7.59,-7.86,-9.85,-15.76,-16.31,-8.13,-4.94,-4.53,-6.54,-9.80,-6.43,-1.50,1.66,3.37,3.82,3.02,1.03,-1.84,-5.12,-9.20,-11.00,-7.05,-5.06,-5.24,-5.32,-3.81,-3.13,-5.12,-12.56,-12.64,-5.49,-3.96,-5.81,-11.96,-29.57,-15.93,-14.47,-12.99,-10.49,-10.08,-11.94,-13.52,-13.10,-14.60,-17.62,-11.30,-6.60,-4.78,-5.48,-9.44,-16.10,-9.88,-6.51,-5.77,-6.08,-6.85,-8.94,-14.43,-17.36,-10.27,-7.91,-8.65,-9.78,-6.26,-3.21,-2.74,-5.48,-15.69,-11.70,-5.27,-3.99,-5.39,-8.76,-12.00,-12.17,-12.14,-12.90,-12.28,-10.06,-8.57,-8.74,-10.90,-13.31,-11.51,-10.34,-13.28,-25.09,-11.56,-7.06,-6.41,-8.71,-14.68,-19.70,-15.54,-15.49,-16.53,-12.94,-9.81,-9.16,-11.43,-18.52,-16.22,-10.33,-8.57,-9.40,-12.82,-20.85,-29.00,-19.14,-17.63,-19.64,-25.32,-34.51,-31.12,-24.46,-20.28,-19.24,-20.49,-20.21,-17.91,-16.84,-16.47,-15.97,-16.34,-18.44,-21.23,-21.79,-19.65,-16.11,-13.87,-13.98,-16.95,-24.55,-30.54,-25.62,-26.41,-25.92,-22.08,-19.00,-16.78,-15.26,-14.94,-17.27,-28.63,-17.83,-11.20,-8.92,-9.34,-12.45,-18.96,-21.53,-19.10,-20.74,-22.77,-18.98,-16.73,-17.27,-20.95,-30.41,-29.99,-24.56,-20.37,-16.24,-13.71,-12.81,-12.89,-12.78,-12.00,-11.44,-11.86,-13.69,-17.38,-23.46,-22.35,-16.70,-13.44,-12.13,-12.85,-16.39,-26.27,-22.66,-17.99,-18.65,-24.21,-24.70,-18.69,-16.88,-17.70,-20.69,-25.82,-29.10,-24.92,-21.76,-20.58,-21.40,-24.52,-24.07,-18.36,-15.06,-14.10,-15.18,-18.21,-22.98,-29.93,-34.63,-24.73,-21.00,-20.62,-23.31,-30.86,-31.57,-25.88,-25.69,-31.88,-31.94,-22.04,-18.37,-17.40,-18.53,-21.75,-27.48,-32.88,-29.41,-26.87,-25.54,-23.82,-22.73,-24.98,-37.50,-22.19,-16.58,-14.72,-15.10,-16.79,-18.53,-20.64,-26.51,-30.94,-21.25,-18.51,-19.09,-22.29,-24.03,-20.75,-18.68,-18.13,-18.13
ARG004,X3SY2Q53.DTA,L,false,84.2,-60.65,-51.46,-42.59,-47.80,-30.09,-24.50,-22.10,-13.40,-7.12,-4.16,-4.11,-7.47,-16.97,-13.32,-9.53,-9.21,-8.91,-8.10,-7.61,-6.32,-4.02,-2.27,-1.97,-3.70,-8.69,-27.26,-14.16,-11.38,-12.79,-10.90,-7.38,-6.25,-7.64,-11.69,-15.88,-13.48,-11.77,-11.44,-11.09,-10.89,-12.02,-15.86,-26.38,-21.54,-16.26,-15.09,-16.14,-19.08,-23.48,-23.21,-19.42,-17.11,-16.42,-17.57,-22.06,-31.46,-19.69,-15.52,-14.75,-16.02,-16.41,-14.23,-12.81,-13.31,-15.91,-21.16,-29.34,-25.58,-22.50,-23.09,-26.21,-24.49,-20.46,-18.57,-18.46,-20.29,-25.05,-27.32,-22.36,-20.71,-21.89,-24.21,-22.00,-18.63,-17.11,-17.33,-18.78,-20.43,-22.08,-25.17,-27.40,-23.22,-20.67,-20.85,-23.81,-28.32,-26.14,-24.44,-26.52,-33.29,-32.93,-26.70,-22.03,-18.70,-17.26,-18.05,-21.39,-22.52,-18.09,-15.99,-16.77,-21.36,-38.58,-22.19,-18.20,-18.07,-21.01,-28.73,-38.63,-32.15,-31.16,-25.35,-22.06,-20.53,-18.56,-16.81,-16.85,-18.70,-18.49,-15.88,-15.16,-17.19,-22.38,-27.51,-28.07,-28.71,-23.40,-21.06,-22.95,-29.22,-25.51,-22.68,-24.68,-31.83,-28.05,-24.71,-25.63,-28.49,-26.35,-23.35,-22.57,-23.91,-27.51,-33.96,-41.70,-43.00,-35.10,-28.22,-24.34,-22.69,-22.98,-24.67,-25.41,-23.99,-22.88,-22.32,-21.46,-20.52,-20.32,-21.34,-23.83,-28.47,-34.95,-27.94,-23.05,-21.10,-21.44,-24.22,-28.65,-26.34,-22.92,-21.66,-21.87,-23.01,-24.99,-28.93,-41.06,-33.87,-28.57,-28.47,-31.09,-31.99,-32.24,-31.88,-25.57,-21.77,-20.98,-23.28,-30.38,-33.58,-28.49,-30.21,-40.23,-29.58,-24.86,-23.80,-25.05,-28.68,-37.12,-42.12,-32.93,-30.61,-30.77,-32.86,-37.67,-49.05,-39.76,-34.48,-32.11,-30.83,-29.50,-27.77,-26.40,-26.02,-26.60,-27.34,-27.12,-26.17,-25.37,-24.99,-25.19,-26.29,-28.70,-32.77,-36.42,-34.57,-31.93,-30.22,-29.56,-30.29,-32.81,-35.54,-32.63,-29.44,-28.43,-29.70,-34.07,-39.65,-33.69,-31.38,-33.24,-42.70,-37.81,-31.52,-30.37,-32.13,-34.21
ARG004,X3SY2Q54.DTA,L,false,83.7,-42.42,-44.85,-38.20,-28.78,-27.16,-21.21,-14.38,-11.01,-10.25,-10.11,-8.36,-7.53,-9.89,-15.39,-10.52,-7.09,-7.23,-10.28,-17.07,-29.25,-13.36,-7.86,-5.27,-4.59,-5.57,-8.46,-13.30,-16.66,-19.47,-24.71,-16.23,-12.78,-13.26,-17.44,-25.99,-20.04,-16.05,-15.60,-17.12,-18.16,-17.80,-17.17,-15.56,-14.63,-16.20,-20.10,-19.20,-18.28,-21.08,-16.59,-12.03,-10.77,-12.52,-18.09,-19.42,-14.26,-12.77,-14.09,-18.45,-29.71,-28.55,-21.13,-17.48,-14.64,-12.78,-12.44,-14.35,-20.49,-32.03,-20.58,-20.28,-25.86,-22.49,-17.99,-17.31,-18.66,-21.80,-36.00,-21.48,-14.47,-11.87,-11.77,-13.83,-19.04,-36.00,-21.68,-17.50,-16.34,-15.98,-16.38,-18.87,-21.85,-19.17,-18.45,-23.04,-38.22,-23.21,-23.03,-23.97,-18.41,-15.96,-16.73,-18.80,-17.68,-16.20,-16.65,-18.31,-20.18,-23.59,-35.23,-30.11,-25.78,-27.87,-28.48,-26.23,-31.50,-28.31,-19.27,-16.53,-17.56,-24.20,-27.82,-18.61,-16.61,-18.41,-26.21,-26.17,-19.02,-17.80,-20.43,-25.77,-22.32,-20.41,-23.27,-37.58,-27.52,-24.00,-25.91,-31.57,-35.20,-28.77,-23.37,-20.96,-20.92,-21.56,-21.06,-21.06,-23.63,-30.25,-31.01,-27.39,-26.95,-27.34,-28.35,-32.15,-44.46,-39.21,-35.77,-34.94,-32.59,-31.99,-35.09,-37.49,-32.65,-30.27,-30.02,-30.02,-29.04,-28.54,-29.54,-30.88,-30.23,-29.80,-31.01,-33.74,-39.83,-41.51,-32.33,-28.27,-26.73,-26.68,-27.09,-27.23,-27.90,-31.04,-37.33,-31.83,-28.91,-29.10,-26.85,-22.87,-21.12,-22.15,-26.76,-35.32,-29.04,-26.98,-28.41,-30.13,-30.43,-32.57,-33.04,-28.73,-26.87,-25.53,-22.21,-19.21,-17.88,-18.42,-21.00,-25.81,-27.54,-24.53,-23.72,-24.15,-22.93,-21.12,-21.01,-23.34,-28.36,-29.14,-25.10,-22.98,-22.54,-23.80,-26.61,-27.92,-26.82,-27.30,-29.27,-30.09,-31.58,-35.77,-31.30,-28.51,-31.55,-46.37,-28.09,-24.36,-24.64,-28.26,-34.66,-34.32,-31.22,-29.13,-28.53,-29.63,-30.63,-31.45,-37.34,-39.62,-29.81,-28.99,-38.31,-30.30,-23.08,-21.29
ARG004,X3SY2Q49.DTA,R,false,84.0,-49.71,-41.99,-42.47,-37.03,-26.49,-24.29,-33.31,-22.60,-16.13,-16.45,-29.80,-16.93,-11.86,-11.27,-9.74,-6.60,-5.19,-6.06,-9.16,-13.06,-11.45,-9.02,-9.45,-14.42,-20.70,-10.45,-6.62,-4.91,-3.96,-3.34,-3.27,-4.37,-7.62,-15.82,-22.34,-12.99,-11.30,-11.84,-13.61,-17.34,-27.96,-24.42,-18.46,-18.52,-17.39,-11.01,-7.14,-6.02,-7.48,-11.51,-15.10,-13.90,-12.29,-10.71,-10.86,-14.58,-15.41,-10.27,-9.07,-11.28,-13.48,-10.05,-7.20,-5.77,-5.28,-5.73,-6.90,-7.52,-6.51,-5.11,-4.32,-4.25,-4.78,-5.77,-7.06,-8.64,-10.49,-10.81,-8.22,-6.16,-6.07,-8.09,-11.86,-15.36,-18.12,-18.63,-15.07,-14.66,-17.40,-13.30,-8.51,-6.12,-4.81,-3.86,-3.45,-4.10,-6.31,-10.99,-20.03,-15.43,-11.49,-10.87,-11.81,-12.83,-12.96,-12.59,-12.46,-12.99,-14.05,-14.98,-14.90,-13.66,-12.50,-12.24,-12.41,-12.28,-12.64,-14.74,-19.32,-23.71,-21.90,-19.87,-18.65,-18.75,-21.79,-30.28,-17.42,-11.64,-9.47,-10.22,-14.72,-16.94,-10.43,-7.76,-7.78,-9.91,-13.90,-18.71,-20.75,-18.68,-16.53,-16.51,-20.02,-27.41,-17.35,-12.43,-10.71,-11.53,-15.51,-21.17,-16.89,-15.84,-21.13,-21.83,-13.61,-11.52,-13.19,-19.93,-31.10,-20.92,-21.45,-24.02,-22.14,-21.75,-20.63,-16.89,-14.51,-13.58,-13.39,-14.02,-16.05,-19.81,-22.60,-18.75,-14.72,-12.92,-13.57,-16.14,-15.80,-13.12,-12.55,-14.41,-18.35,-22.88,-26.92,-32.51,-37.80,-36.89,-25.37,-22.07,-25.24,-32.30,-18.13,-14.10,-13.72,-16.66,-26.19,-26.71,-19.28,-17.70,-18.46,-21.17,-27.66,-34.02,-22.20,-17.85,-16.19,-16.60,-19.31,-25.71,-37.68,-28.18,-24.82,-21.81,-19.19,-18.16,-18.89,-20.31,-19.83,-18.07,-16.58,-15.15,-14.08,-14.26,-16.59,-22.39,-25.88,-21.65,-21.23,-19.99,-16.16,-13.95,-14.19,-17.26,-23.16,-20.39,-16.87,-15.97,-15.91,-15.43,-15.17,-15.93,-17.15,-17.14,-16.41,-16.59,-18.03,-20.26,-21.91,-21.98,-21.68,-22.42,-24.98,-28.53,-27.18,-24.46,-23.55
ARG004,X3SY2Q51.DTA,L,false,83.7,-57.60,-40.41,-42.88,-31.07,-27.20,-22.63,-16.76,-12.85,-9.88,-6.13,-2.67,-0.81,-0.89,-2.99,-5.92,-5.35,-3.54,-2.96,-3.45,-4.75,-6.37,-7.83,-10.44,-17.12,-34.19,-19.61,-17.13,-13.16,-9.58,-7.99,-7.49,-7.61,-8.87,-11.71,-16.68,-24.52,-26.52,-21.75,-19.03,-18.75,-21.00,-27.13,-27.44,-21.67,-19.45,-15.35,-11.14,-8.90,-8.73,-10.90,-16.08,-19.93,-16.97,-16.64,-18.55,-20.38,-22.49,-24.54,-20.52,-18.49,-20.01,-22.61,-19.94,-18.90,-20.53,-18.77,-15.26,-14.13,-15.75,-21.15,-34.42,-23.96,-21.73,-24.94,-44.35,-26.08,-23.02,-25.94,-23.14,-15.88,-12.84,-12.85,-16.29,-26.69,-19.75,-15.75,-15.77,-17.82,-20.56,-21.15,-17.44,-14.93,-15.54,-21.38,-26.24,-15.65,-12.70,-12.32,-12.56,-12.12,-11.80,-12.91,-16.12,-19.34,-17.29,-16.54,-19.50,-21.47,-16.80,-15.56,-19.45,-33.42,-16.22,-12.31,-12.11,-15.20,-24.58,-23.68,-17.09,-15.25,-15.03,-15.50,-16.88,-20.23,-28.48,-35.45,-25.92,-23.56,-22.56,-23.05,-27.38,-30.12,-21.32,-17.73,-17.04,-18.76,-23.31,-34.21,-32.62,-25.73,-22.72,-20.70,-19.67,-20.28,-23.05,-24.65,-21.28,-19.15,-19.23,-21.46,-26.13,-34.07,-48.00,-42.85,-34.25,-31.17,-32.03,-34.76,-32.13,-30.26,-32.51,-39.59,-38.00,-44.43,-31.63,-23.42,-19.91,-19.32,-21.46,-26.96,-40.53,-39.57,-32.90,-28.26,-26.45,-27.62,-28.61,-24.57,-20.71,-18.49,-17.92,-19.15,-22.60,-29.24,-34.80,-32.11,-31.27,-29.99,-29.82,-30.80,-27.93,-24.64,-24.37,-29.14,-37.67,-23.57,-19.64,-19.05,-21.23,-27.12,-38.36,-29.23,-26.48,-26.69,-28.88,-34.00,-32.22,-26.47,-24.24,-24.61,-27.72,-34.61,-39.52,-38.86,-35.37,-29.83,-27.32,-27.95,-32.76,-40.26,-30.32,-27.08,-27.44,-31.10,-40.22,-39.17,-34.47,-34.10,-35.95,-38.81,-38.15,-33.67,-30.36,-28.82,-28.81,-29.98,-32.10,-35.08,-38.39,-37.34,-35.48,-38.21,-39.55,-30.34,-26.12,-24.93,-26.36,-31.16,-38.71,-31.22,-27.81,-27.16,-28.08,-30.11,-32.95,-35.94,-37.44
ARG005,X3SY2Q55.DTA,R,false,84.5,-51.11,-32.15,-28.47,-23.08,-16.30,-10.25,-6.28,-2.62,1.37,3.45,2.83,-0.65,-3.07,-1.22,-3.02,-13.05,-6.83,-2.65,-2.45,-3.01,-4.10,-9.05,-26.09,-10.57,-8.57,-5.54,-1.93,-0.83,-2.73,-8.69,-11.32,-5.43,-3.67,-4.47,-6.43,-7.20,-6.72,-7.12,-8.64,-9.62,-8.78,-7.38,-6.69,-7.95,-13.43,-31.35,-13.77,-11.97,-13.11,-10.26,-7.62,-7.58,-7.82,-5.65,-3.42,-2.64,-3.21,-4.70,-6.75,-8.03,-6.30,-4.03,-3.09,-3.41,-4.67,-6.53,-7.99,-8.13,-8.85,-12.09,-11.22,-5.96,-3.49,-3.32,-4.92,-8.16,-14.45,-28.46,-17.05,-16.06,-15.36,-10.82,-8.90,-10.95,-20.24,-19.91,-15.90,-21.82,-14.70,-8.46,-6.57,-6.96,-8.09,-8.66,-9.48,-11.98,-13.82,-9.47,-6.20,-5.57,-8.06,-17.29,-15.27,-8.50,-6.91,-7.57,-9.61,-13.32,-19.54,-14.18,-9.62,-8.17,-8.99,-12.18,-18.63,-19.41,-13.27,-9.97,-8.28,-7.89,-9.10,-12.83,-18.33,-12.05,-7.80,-6.41,-7.06,-9.54,-13.62,-17.07,-18.62,-23.72,-31.90,-19.24,-16.79,-18.22,-22.77,-28.48,-25.90,-20.81,-19.09,-22.92,-28.90,-16.08,-12.20,-11.64,-13.30,-16.19,-19.68,-25.92,-25.25,-19.80,-19.26,-22.19,-23.34,-19.98,-18.81,-19.96,-21.99,-19.91,-15.60,-12.80,-11.56,-11.38,-11.38,-10.96,-10.79,-11.68,-13.68,-15.55,-16.38,-17.43,-18.95,-20.45,-23.06,-21.78,-16.80,-14.71,-15.57,-19.30,-23.84,-26.92,-26.45,-18.89,-15.93,-16.97,-22.85,-21.65,-17.06,-16.87,-19.49,-20.78,-19.77,-20.33,-19.76,-17.45,-16.49,-17.71,-21.48,-29.01,-33.24,-23.02,-18.16,-15.75,-15.23,-16.48,-18.35,-17.93,-16.70,-17.17,-19.99,-24.81,-29.15,-31.94,-24.82,-20.81,-20.18,-19.71,-16.76,-14.60,-14.18,-14.81,-15.76,-17.36,-20.62,-24.68,-24.39,-22.99,-22.91,-24.17,-27.13,-29.76,-27.43,-25.27,-25.17,-25.76,-23.47,-20.49,-19.67,-21.10,-22.26,-20.57,-19.78,-21.32,-23.58,-22.37,-20.45,-20.33,-22.15,-24.99,-24.74,-22.03,-19.73,-17.90,-16.84,-16.63,-16.73
ARG005,X3SY2Q56.DTA,R,false,85.0,-44.79,-36.88,-32.04,-22.90,-20.93,-20.23,-7.98,-1.30,2.14,3.54,3.64,2.48,-1.22,-4.83,1.54,4.27,3.44,-0.67,-5.45,-5.78,-8.67,-5.86,-1.95,-2.11,-6.50,-17.20,-12.11,-10.62,-13.59,-20.18,-21.17,-16.54,-16.54,-20.93,-23.92,-18.20,-13.83,-10.54,-8.38,-7.30,-7.27,-7.88,-8.13,-8.18,-9.79,-15.53,-24.23,-13.90,-11.42,-11.04,-10.56,-10.18,-10.94,-13.28,-18.16,-33.17,-22.43,-15.84,-11.86,-9.17,-7.93,-7.70,-7.54,-7.61,-9.44,-15.27,-13.75,-8.18,-7.15,-10.12,-22.08,-16.35,-11.83,-13.59,-21.88,-15.65,-10.59,-9.00,-8.99,-9.58,-10.29,-10.96,-11.26,-10.21,-7.84,-5.84,-5.29,-6.62,-8.67,-6.86,-4.15,-3.61,-5.69,-10.31,-10.69,-8.35,-9.09,-10.85,-8.43,-6.16,-6.26,-8.90,-14.89,-21.69,-17.96,-17.86,-19.13,-16.35,-13.60,-12.27,-11.68,-11.56,-12.07,-12.89,-12.89,-11.99,-11.34,-11.33,-11.90,-13.57,-18.45,-34.73,-14.89,-9.72,-7.52,-7.05,-7.93,-9.97,-12.74,-14.87,-15.10,-14.54,-14.89,-17.70,-26.17,-19.50,-13.52,-10.98,-10.15,-10.69,-12.95,-18.00,-25.82,-23.67,-23.97,-18.80,-12.61,-9.59,-8.97,-10.43,-13.67,-16.89,-18.28,-21.56,-36.45,-22.66,-17.43,-16.48,-18.87,-24.59,-20.21,-15.92,-14.64,-14.78,-14.89,-15.01,-16.69,-22.36,-25.39,-17.03,-14.15,-14.25,-16.87,-19.28,-16.25,-13.93,-13.83,-15.38,-17.00,-17.13,-17.59,-20.59,-26.16,-20.77,-17.29,-17.83,-23.56,-26.84,-19.09,-17.46,-18.89,-20.85,-20.46,-20.31,-22.01,-25.30,-27.63,-24.18,-19.93,-17.82,-18.57,-23.52,-22.18,-16.28,-14.70,-16.48,-22.53,-40.71,-26.78,-25.23,-26.01,-25.27,-22.27,-19.46,-18.41,-19.72,-24.25,-33.43,-31.34,-30.51,-35.67,-41.88,-33.79,-27.85,-23.35,-21.19,-21.40,-23.85,-26.48,-23.37,-19.45,-17.57,-18.31,-23.30,-26.90,-18.64,-15.82,-16.04,-18.67,-23.28,-26.35,-24.33,-21.57,-19.81,-19.55,-21.05,-24.84,-33.20,-39.42,-27.79,-23.17,-21.02,-20.91,-22.78,-26.75,-32.82,-37.47
ARG005,X3SY2Q59.DTA,L,false,83.7,-42.25,-43.17,-44.91,-35.30,-27.55,-16.85,-10.49,-6.80,-4.52,-2.59,-0.83,0.08,-0.26,-1.66,-2.89,-2.95,-3.15,-4.57,-7.10,-9.13,-9.31,-9.36,-10.15,-10.45,-8.31,-6.27,-6.83,-10.61,-7.47,-2.76,-1.58,-3.75,-11.19,-19.31,-11.85,-16.04,-18.49,-8.11,-5.65,-6.86,-10.68,-9.84,-5.74,-3.36,-2.47,-2.88,-4.16,-4.84,-4.63,-5.60,-9.37,-15.66,-13.87,-13.86,-19.00,-11.92,-6.76,-4.92,-5.25,-7.47,-11.95,-20.58,-18.63,-12.34,-9.52,-8.82,-10.05,-13.13,-14.64,-11.13,-7.86,-5.48,-3.81,-2.96,-3.23,-4.93,-8.13,-9.58,-6.50,-3.73,-2.04,-1.24,-1.61,-3.81,-9.26,-16.39,-10.29,-8.80,-10.65,-12.52,-11.62,-11.38,-11.82,-12.00,-13.60,-15.15,-10.54,-7.41,-7.11,-9.44,-14.35,-19.03,-20.67,-24.80,-27.08,-20.47,-13.52,-9.24,-7.45,-7.90,-10.87,-18.34,-27.81,-16.81,-14.95,-16.29,-19.77,-22.95,-23.76,-25.08,-20.12,-14.17,-10.92,-10.03,-11.49,-15.24,-16.83,-14.03,-12.65,-12.36,-11.65,-10.58,-10.41,-11.76,-14.35,-16.49,-18.01,-19.97,-15.77,-11.52,-10.02,-10.93,-13.89,-16.10,-14.52,-12.88,-11.95,-11.92,-13.96,-21.09,-22.80,-14.70,-12.99,-14.80,-20.62,-37.12,-34.29,-33.41,-23.48,-19.98,-20.26,-20.79,-18.14,-16.78,-18.75,-27.52,-25.99,-18.80,-17.16,-18.34,-23.02,-29.17,-20.53,-17.69,-19.71,-32.96,-18.39,-13.07,-11.80,-13.40,-18.58,-31.18,-22.85,-20.28,-21.97,-27.12,-29.87,-27.60,-29.61,-52.98,-25.12,-18.60,-15.85,-15.87,-19.33,-25.99,-19.36,-16.48,-18.07,-25.79,-21.92,-16.76,-16.40,-19.93,-28.78,-23.87,-18.88,-16.33,-15.17,-15.69,-18.56,-25.55,-26.92,-20.29,-17.71,-17.37,-19.20,-24.02,-26.72,-22.58,-21.10,-20.10,-18.52,-18.24,-18.84,-16.51,-13.86,-13.70,-17.20,-27.01,-18.09,-13.98,-13.46,-15.33,-19.68,-28.84,-35.88,-26.73,-24.60,-24.34,-25.73,-29.71,-34.88,-33.80,-36.46,-33.61,-26.22,-23.02,-22.95,-26.81,-28.70,-23.78,-23.39,-16.68,-9.96,-6.41,-5.30
ARG005,X3SY2Q58.DTA,L,false,84.2,-36.12,-38.80,-42.28,-28.10,-17.61,-12.90,-9.62,-5.57,-2.20,-0.80,-1.33,-2.26,-1.51,-0.78,-1.78,-4.84,-9.55,-13.31,-11.61,-10.22,-7.07,-2.81,-1.38,-4.77,-9.17,1.34,5.14,5.59,3.23,-2.02,-4.31,-2.44,-3.88,-10.59,-16.14,-6.39,-3.06,-1.99,-2.73,-5.98,-15.30,-16.32,-9.10,-8.51,-11.11,-10.58,-6.48,-4.39,-4.27,-5.70,-8.20,-11.04,-14.29,-20.76,-28.63,-15.38,-11.16,-10.18,-12.35,-16.28,-10.69,-6.46,-5.01,-5.46,-7.17,-9.78,-13.40,-14.74,-11.62,-10.05,-10.60,-12.74,-15.87,-17.06,-14.03,-12.05,-13.32,-21.12,-16.00,-8.58,-5.44,-4.46,-5.08,-7.20,-10.70,-12.28,-9.58,-7.69,-7.53,-8.99,-12.08,-17.03,-19.24,-13.66,-10.32,-9.02,-8.92,-9.59,-11.67,-16.80,-20.52,-17.33,-19.89,-16.59,-9.41,-6.42,-6.22,-8.55,-14.23,-27.43,-21.53,-20.01,-22.84,-25.65,-25.52,-26.83,-28.94,-28.40,-24.37,-19.84,-17.19,-16.79,-18.86,-20.57,-16.55,-13.26,-12.00,-12.34,-13.18,-12.75,-11.67,-11.75,-14.17,-19.73,-18.05,-13.48,-11.37,-10.13,-9.48,-10.19,-13.30,-21.76,-25.83,-16.62,-13.61,-12.40,-12.55,-14.08,-16.46,-18.09,-19.05,-21.20,-23.37,-19.71,-15.08,-12.26,-11.40,-12.69,-16.61,-22.04,-20.44,-19.75,-23.92,-31.80,-18.43,-13.38,-11.57,-12.48,-17.40,-38.53,-18.16,-15.40,-17.31,-25.41,-31.36,-24.69,-30.03,-22.25,-15.67,-13.44,-14.07,-17.49,-24.43,-36.93,-28.43,-20.69,-17.29,-17.27,-19.79,-17.74,-13.58,-12.15,-13.57,-18.42,-25.44,-24.41,-28.54,-22.52,-16.87,-16.24,-20.40,-24.29,-17.27,-15.24,-16.65,-21.18,-29.21,-33.69,-36.25,-41.20,-27.14,-20.84,-17.43,-15.79,-15.25,-15.34,-15.84,-16.88,-18.76,-21.08,-21.67,-20.38,-18.89,-17.15,-15.42,-14.47,-14.78,-16.45,-19.13,-21.77,-24.82,-31.12,-24.72,-19.46,-18.03,-19.92,-28.19,-28.10,-19.54,-16.72,-15.80,-15.83,-16.91,-19.95,-26.73,-27.88,-22.64,-21.25,-21.96,-23.40,-23.62,-21.62,-18.81,-16.74,-16.02,-16.51,-17.07
ARG005,X3SY2Q57.DTA,R,false,85.0,-38.13,-37.52,-29.61,-26.39,-25.05,-21.92,-19.40,-16.45,-9.09,-3.07,0.75,2.81,3.29,2.08,-1.31,-8.34,-18.30,-12.99,-15.60,-23.13,-12.85,-10.85,-10.88,-6.63,-2.85,-1.60,-2.62,-5.19,-7.73,-11.40,-29.24,-11.10,-6.50,-6.00,-7.01,-7.01,-6.86,-8.80,-14.87,-17.69,-9.30,-5.94,-5.46,-7.87,-15.14,-17.37,-10.79,-9.39,-9.57,-8.41,-6.23,-4.94,-5.08,-6.66,-9.20,-11.15,-10.79,-8.40,-6.04,-5.23,-6.20,-6.94,-4.97,-3.30,-3.30,-4.55,-6.37,-9.24,-14.11,-12.35,-8.67,-7.99,-9.24,-11.11,-13.59,-20.13,-25.74,-14.03,-10.56,-9.97,-11.21,-12.22,-10.89,-9.64,-9.79,-11.55,-14.89,-13.26,-8.31,-5.95,-6.41,-10.54,-20.71,-12.55,-10.34,-14.55,-24.35,-10.04,-6.55,-6.03,-6.36,-5.87,-5.25,-5.96,-8.85,-15.11,-15.59,-10.38,-8.72,-9.91,-14.24,-15.85,-11.43,-10.51,-13.76,-22.21,-16.04,-13.64,-14.69,-12.43,-9.02,-8.43,-11.69,-23.11,-12.98,-9.08,-10.08,-17.16,-14.98,-8.28,-6.13,-6.22,-7.73,-10.54,-15.55,-27.38,-27.18,-24.21,-22.16,-15.86,-12.61,-11.96,-13.03,-14.53,-15.75,-18.04,-18.40,-14.02,-11.71,-12.27,-16.27,-27.94,-23.75,-19.37,-18.70,-19.06,-19.33,-16.24,-12.42,-10.63,-11.12,-13.46,-14.53,-13.51,-14.87,-23.10,-21.41,-14.25,-12.99,-13.87,-13.07,-10.85,-9.83,-10.34,-12.16,-15.35,-21.28,-44.93,-24.26,-21.09,-21.30,-21.40,-20.84,-22.37,-29.04,-28.63,-21.81,-19.56,-19.31,-19.97,-20.83,-21.50,-21.41,-19.88,-17.93,-16.83,-16.93,-17.93,-19.08,-19.91,-20.53,-20.56,-20.25,-20.53,-20.59,-18.70,-16.57,-15.46,-15.30,-15.84,-17.03,-18.73,-19.94,-19.85,-19.48,-19.51,-19.55,-18.56,-16.26,-14.00,-12.83,-13.02,-14.58,-17.34,-20.74,-23.78,-26.12,-27.99,-24.85,-19.99,-17.48,-17.49,-20.36,-26.98,-29.62,-26.10,-21.92,-17.58,-15.26,-15.13,-17.23,-22.24,-32.56,-28.27,-24.29,-22.94,-21.46,-20.33,-21.92,-28.94,-21.61,-16.54,-16.22,-21.71,-25.63,-15.64,-13.47
ARG005,X3SY2Q60.DTA,L,false,84.0,-39.34,-37.94,-32.48,-28.59,-21.42,-13.26,-6.86,-2.00,1.25,2.51,1.07,-5.18,-4.48,1.62,2.57,-0.49,-10.42,-14.79,-11.00,-12.96,-7.30,-6.18,-11.20,-27.43,-13.81,-22.34,-11.31,-4.60,-3.43,-6.26,-13.99,-13.58,-11.57,-12.86,-10.53,-8.67,-10.29,-16.58,-17.81,-14.65,-20.35,-14.60,-6.12,-2.82,-2.47,-4.85,-11.01,-26.46,-16.86,-12.62,-9.87,-8.91,-9.59,-10.14,-10.01,-11.10,-13.12,-13.56,-13.99,-12.31,-8.00,-5.98,-6.99,-10.89,-10.96,-8.63,-10.70,-16.72,-8.74,-5.46,-6.75,-15.05,-10.24,-3.71,-1.43,-0.95,-1.22,-2.04,-4.16,-9.78,-24.63,-7.31,-3.31,-2.62,-4.33,-8.54,-16.08,-34.35,-18.25,-11.90,-9.31,-8.99,-10.00,-10.96,-10.96,-10.97,-12.51,-16.98,-19.18,-14.28,-11.53,-9.32,-7.58,-7.54,-10.13,-14.47,-11.84,-9.56,-10.86,-17.14,-29.75,-17.80,-17.92,-21.73,-15.94,-11.85,-10.76,-11.75,-14.16,-16.92,-19.64,-20.85,-17.07,-14.02,-13.16,-14.21,-16.88,-20.46,-23.62,-28.52,-31.07,-19.12,-14.17,-12.36,-13.03,-15.69,-16.85,-15.40,-16.11,-21.47,-28.29,-19.92,-19.13,-24.77,-29.35,-18.61,-15.64,-15.62,-16.35,-14.24,-11.59,-10.87,-12.89,-20.14,-25.73,-16.28,-15.64,-21.40,-21.68,-13.40,-10.86,-11.46,-15.24,-25.53,-28.09,-21.99,-20.85,-19.55,-18.51,-15.79,-11.65,-9.01,-8.55,-10.73,-17.91,-22.42,-12.56,-9.67,-9.32,-10.68,-13.50,-17.69,-23.06,-29.69,-38.89,-28.17,-21.38,-18.26,-18.01,-20.69,-24.20,-22.69,-23.12,-29.31,-35.34,-30.93,-28.08,-22.18,-20.48,-21.53,-18.47,-15.01,-14.71,-17.52,-18.30,-14.87,-14.02,-16.39,-22.78,-32.49,-29.17,-22.95,-18.23,-16.90,-19.46,-29.13,-20.15,-15.09,-13.91,-15.27,-18.59,-20.70,-19.96,-20.58,-22.61,-22.03,-19.35,-17.09,-15.83,-16.49,-20.89,-47.55,-20.74,-17.19,-17.88,-22.08,-28.91,-29.69,-30.86,-25.68,-20.55,-18.58,-19.24,-22.60,-25.32,-21.12,-17.74,-15.99,-15.96,-18.77,-29.15,-25.45,-21.31,-27.32,-23.80,-15.48,-13.47
ARG006,X3SY2Q66.DTA,L,false,83.7,-36.29,-38.41,-37.42,-30.64,-27.19,-35.78,-21.29,-12.17,-7.99,-6.24,-5.33,-3.52,-0.78,1.51,2.43,1.46,-1.49,-4.05,-3.61,-4.33,-7.78,-13.41,-12.50,-5.92,-2.05,-0.62,-1.14,-3.35,-7.65,-18.12,-13.36,-6.44,-4.22,-4.92,-8.80,-10.61,-6.42,-5.52,-7.47,-6.94,-3.96,-3.28,-5.23,-9.73,-16.69,-18.20,-11.38,-8.42,-8.66,-9.92,-8.36,-7.30,-9.43,-17.23,-21.36,-15.90,-14.43,-9.40,-5.83,-5.08,-7.68,-15.57,-7.91,-2.55,-0.66,-1.00,-3.18,-6.82,-10.54,-13.40,-14.27,-10.45,-7.70,-7.32,-9.14,-13.16,-19.95,-27.22,-15.35,-9.52,-6.42,-5.05,-4.98,-5.86,-7.26,-8.29,-7.34,-5.04,-3.41,-3.38,-5.63,-12.20,-21.71,-10.44,-8.09,-8.53,-9.94,-10.84,-10.53,-8.62,-6.65,-6.43,-9.29,-16.92,-10.81,-6.56,-5.91,-6.78,-7.09,-7.52,-10.71,-23.34,-14.55,-9.79,-10.30,-16.57,-21.45,-11.08,-8.57,-9.46,-13.96,-28.15,-20.98,-17.98,-19.61,-18.97,-16.86,-18.34,-25.01,-17.96,-13.39,-12.74,-13.84,-12.18,-9.19,-7.91,-8.63,-11.53,-17.75,-27.79,-17.96,-13.79,-11.85,-11.10,-11.17,-11.65,-12.12,-12.79,-14.52,-17.80,-21.28,-24.66,-30.24,-19.83,-15.36,-13.95,-13.28,-12.54,-13.03,-14.96,-14.41,-12.41,-12.81,-15.63,-16.15,-14.65,-16.11,-21.38,-22.75,-20.38,-19.28,-17.40,-17.35,-21.11,-27.09,-25.82,-30.84,-17.65,-11.40,-8.86,-8.83,-11.14,-15.87,-17.83,-14.61,-13.32,-14.23,-17.55,-25.49,-25.42,-18.53,-15.91,-14.91,-14.44,-14.80,-17.89,-35.58,-17.76,-12.57,-12.23,-16.84,-30.57,-15.39,-12.78,-14.38,-18.91,-19.63,-18.10,-19.31,-22.97,-32.62,-25.99,-17.49,-14.25,-13.94,-16.32,-22.39,-32.65,-22.80,-18.76,-17.54,-19.23,-26.84,-23.25,-16.66,-15.01,-16.49,-20.88,-27.03,-35.42,-30.26,-21.06,-18.07,-17.76,-18.17,-18.50,-20.30,-21.57,-17.57,-15.27,-16.07,-20.61,-32.18,-23.12,-17.73,-15.08,-14.50,-16.12,-19.85,-22.93,-24.08,-28.39,-24.85,-18.29,-14.93,-13.30,-12.82
ARG006,X3SY2Q65.DTA,L,false,83.1,-33.66,-37.26,-33.94,-32.41,-26.91,-15.27,-8.97,-5.72,-4.71,-5.45,-7.48,-9.28,-7.90,-5.64,-4.78,-5.12,-5.63,-6.78,-10.97,-17.49,-8.37,-4.87,-4.82,-7.79,-15.80,-16.60,-10.68,-10.26,-13.52,-18.64,-20.03,-18.50,-10.45,-5.90,-4.27,-4.87,-7.47,-11.54,-13.78,-12.68,-12.45,-15.41,-24.17,-11.24,-5.53,-3.14,-2.95,-4.46,-6.68,-8.06,-9.12,-10.54,-10.12,-8.48,-8.38,-10.80,-14.04,-10.67,-7.71,-7.43,-10.02,-18.33,-19.42,-9.82,-5.99,-4.21,-3.98,-5.39,-8.96,-15.74,-22.11,-20.24,-17.61,-12.92,-10.31,-10.19,-12.39,-16.53,-20.83,-25.10,-17.55,-10.51,-6.75,-5.13,-5.32,-7.36,-10.95,-12.36,-11.36,-13.41,-20.33,-12.50,-8.22,-7.72,-9.31,-9.08,-7.01,-6.82,-9.69,-16.11,-12.74,-9.04,-8.69,-10.74,-14.98,-22.03,-28.85,-18.18,-12.73,-9.82,-8.75,-9.38,-11.19,-11.38,-9.67,-9.57,-12.82,-18.87,-12.58,-9.33,-9.53,-12.52,-18.44,-29.33,-28.46,-19.02,-15.61,-15.12,-16.46,-17.73,-16.00,-12.26,-9.17,-7.55,-7.52,-9.11,-12.16,-14.99,-14.76,-13.76,-13.81,-14.60,-13.83,-11.10,-9.09,-8.75,-10.34,-14.28,-21.01,-25.36,-25.17,-22.71,-20.26,-21.73,-28.58,-22.82,-19.52,-21.00,-21.77,-16.70,-13.74,-13.13,-14.58,-17.75,-17.95,-14.87,-13.75,-15.25,-19.09,-19.07,-15.27,-13.32,-13.04,-13.98,-15.75,-17.69,-18.69,-18.35,-17.39,-16.28,-15.58,-16.07,-18.52,-20.86,-17.22,-14.42,-14.42,-17.75,-26.01,-22.44,-19.67,-22.28,-28.81,-22.94,-20.11,-19.70,-18.98,-18.14,-18.70,-20.96,-23.90,-26.46,-30.76,-33.03,-25.49,-21.65,-20.71,-22.46,-23.41,-19.02,-16.31,-16.28,-18.80,-24.38,-36.42,-29.99,-23.10,-20.14,-19.55,-20.54,-21.91,-21.78,-19.92,-18.25,-18.02,-19.74,-23.99,-33.55,-33.99,-24.77,-20.59,-19.08,-20.40,-27.24,-29.39,-19.31,-16.25,-16.34,-19.64,-26.55,-21.36,-17.47,-16.97,-19.01,-22.28,-21.97,-20.72,-22.14,-27.61,-47.09,-34.70,-35.61,-39.10,-32.68,-30.74,-31.31,-31.99
ARG006,X3SY2Q64.DTA,L,false,82.8,-47.74,-44.89,-46.41,-32.84,-20.02,-13.10,-9.89,-10.69,-18.23,-7.43,-1.15,1.23,0.78,-2.64,-4.61,0.14,2.54,2.16,-1.25,-7.44,-3.13,0.43,0.81,-1.53,-7.04,-6.63,-1.78,-0.36,-2.46,-12.66,-6.50,0.09,1.41,-0.98,-10.41,-9.83,-2.89,-2.26,-5.03,-11.72,-24.96,-11.79,-6.90,-5.28,-6.31,-9.76,-11.97,-9.49,-7.47,-6.32,-5.87,-6.18,-6.87,-7.17,-6.75,-5.90,-5.20,-5.12,-5.87,-7.76,-11.98,-18.04,-9.67,-4.89,-2.91,-2.79,-4.04,-5.70,-6.35,-6.68,-8.46,-13.46,-21.66,-14.75,-13.90,-23.32,-15.32,-7.78,-5.35,-5.48,-7.32,-10.07,-12.79,-13.58,-11.61,-9.66,-9.14,-10.46,-12.14,-10.73,-9.55,-10.30,-10.46,-9.70,-12.19,-23.44,-10.90,-6.60,-6.24,-7.93,-9.41,-9.25,-8.18,-6.88,-6.35,-6.80,-7.55,-8.49,-11.05,-17.39,-17.73,-12.57,-11.29,-11.69,-11.50,-10.73,-11.49,-15.88,-38.53,-16.92,-13.46,-14.23,-17.72,-20.73,-16.79,-11.76,-8.71,-7.74,-8.67,-11.19,-14.32,-16.56,-16.26,-13.91,-12.82,-14.61,-21.70,-20.44,-13.89,-12.03,-12.72,-15.02,-16.99,-16.99,-16.62,-16.29,-15.25,-14.14,-14.15,-15.68,-17.75,-18.69,-21.07,-29.60,-21.71,-17.76,-19.66,-35.32,-19.88,-15.57,-16.43,-22.61,-21.08,-15.78,-14.87,-16.66,-19.38,-20.45,-21.17,-21.86,-21.12,-21.40,-24.97,-34.09,-37.26,-29.47,-20.30,-15.48,-13.62,-14.16,-17.16,-23.71,-36.15,-25.63,-21.06,-18.88,-18.87,-22.29,-28.63,-18.86,-14.45,-13.39,-15.06,-20.12,-33.75,-31.79,-31.36,-22.57,-15.72,-12.28,-11.02,-11.54,-13.69,-17.11,-20.17,-21.47,-23.15,-26.92,-29.64,-24.65,-20.84,-19.22,-19.90,-24.07,-26.86,-19.37,-16.15,-16.07,-19.06,-26.06,-24.71,-21.62,-23.27,-30.89,-30.13,-25.09,-24.68,-26.31,-29.83,-41.65,-26.30,-20.00,-16.99,-15.53,-14.87,-14.90,-16.05,-19.03,-25.16,-28.88,-23.93,-22.51,-22.44,-21.20,-19.97,-20.90,-25.08,-24.64,-19.46,-17.03,-15.92,-15.14,-15.22,-17.41,-23.55,-30.41,-26.33
ARG006,X3SY2Q62.DTA,R,false,83.1,-38.51,-50.97,-31.93,-22.98,-15.69,-9.89,-5.12,-2.22,-1.12,-1.59,-2.78,-2.34,-1.40,-2.01,-4.01,-4.66,-2.67,-1.19,-1.11,-2.61,-5.85,-10.84,-19.42,-21.00,-9.95,-5.75,-4.47,-5.36,-8.43,-14.68,-22.77,-14.61,-9.76,-7.67,-7.47,-7.84,-7.81,-8.25,-11.26,-19.52,-12.19,-7.58,-6.54,-8.00,-11.41,-11.58,-9.68,-11.18,-16.56,-11.17,-6.97,-6.54,-8.84,-9.73,-6.38,-4.00,-2.96,-2.58,-2.70,-3.74,-6.36,-11.52,-22.25,-23.80,-17.57,-15.09,-15.18,-18.74,-15.70,-9.68,-6.63,-5.39,-5.23,-5.74,-7.07,-10.39,-17.37,-11.04,-6.07,-4.68,-6.20,-10.81,-10.18,-5.46,-3.40,-3.25,-4.86,-9.56,-23.41,-7.63,-2.64,-1.09,-2.04,-5.72,-11.54,-9.83,-8.31,-11.04,-18.39,-13.23,-9.84,-10.19,-13.61,-18.32,-15.12,-11.63,-9.99,-10.12,-12.94,-22.23,-20.89,-15.36,-15.67,-16.29,-13.60,-12.78,-16.05,-21.95,-14.14,-10.68,-10.59,-13.89,-20.96,-14.22,-10.26,-9.83,-12.02,-15.65,-17.80,-21.01,-28.22,-19.65,-16.21,-16.12,-17.00,-17.05,-17.89,-22.34,-24.43,-17.14,-14.19,-13.62,-13.95,-13.15,-11.32,-10.65,-12.66,-21.05,-20.80,-12.84,-11.69,-14.40,-18.84,-17.33,-17.43,-23.84,-22.23,-16.13,-15.14,-17.06,-21.04,-26.12,-22.19,-15.44,-11.52,-9.66,-9.53,-11.31,-16.05,-29.52,-19.05,-14.70,-14.64,-18.14,-24.68,-22.42,-21.17,-21.93,-19.84,-19.23,-24.36,-24.44,-15.54,-12.33,-12.04,-14.24,-19.49,-26.55,-23.00,-22.72,-30.09,-27.96,-19.86,-17.55,-18.33,-22.05,-26.45,-23.38,-20.86,-20.59,-22.17,-23.81,-23.84,-24.66,-21.47,-16.48,-14.17,-14.78,-19.42,-44.21,-20.09,-16.21,-15.94,-17.75,-20.51,-22.17,-21.75,-20.95,-21.40,-25.22,-33.77,-21.81,-17.14,-15.73,-16.77,-20.53,-29.94,-32.85,-24.34,-21.69,-20.55,-19.89,-19.47,-19.42,-19.85,-20.47,-20.27,-19.28,-19.17,-21.34,-27.34,-30.65,-25.79,-25.04,-25.20,-24.06,-22.27,-20.20,-18.76,-19.02,-21.86,-29.11,-30.07,-25.00,-24.66,-27.77,-31.89
ARG006,X3SY2Q63.DTA,R,false,83.1,-48.06,-48.06,-42.39,-30.27,-21.66,-18.09,-14.38,-9.18,-5.65,-4.72,-6.30,-8.75,-8.75,-9.20,-13.27,-13.08,-8.36,-8.23,-13.47,-22.49,-10.78,-7.86,-8.27,-11.01,-14.52,-15.87,-13.71,-10.15,-8.18,-9.04,-15.16,-18.98,-9.70,-7.45,-8.22,-8.80,-6.44,-5.28,-7.21,-14.92,-12.91,-5.74,-3.21,-2.89,-4.32,-8.01,-16.89,-22.97,-13.61,-9.24,-6.11,-4.89,-5.74,-8.58,-11.81,-11.48,-9.38,-7.67,-6.96,-7.45,-9.34,-12.92,-17.30,-22.37,-24.23,-12.89,-8.86,-8.57,-10.92,-9.94,-7.03,-7.31,-10.50,-8.45,-4.45,-3.36,-4.78,-7.29,-8.37,-10.58,-22.78,-10.63,-4.76,-3.26,-4.28,-6.80,-9.07,-10.60,-13.21,-15.78,-12.60,-9.46,-9.29,-13.38,-25.13,-13.16,-10.70,-13.66,-16.93,-10.29,-7.61,-8.10,-11.49,-15.50,-12.31,-9.65,-9.49,-11.64,-15.55,-18.74,-21.61,-35.45,-21.33,-16.31,-15.48,-15.20,-13.76,-12.86,-12.40,-10.63,-9.00,-9.54,-13.47,-15.04,-9.04,-6.36,-6.45,-9.19,-15.08,-15.69,-11.68,-10.75,-11.86,-13.93,-16.71,-21.91,-29.87,-21.91,-19.14,-17.83,-15.48,-14.03,-14.58,-16.96,-20.50,-26.44,-25.59,-17.30,-14.24,-14.59,-19.04,-38.35,-21.69,-19.15,-22.24,-34.41,-22.11,-17.53,-15.94,-15.60,-16.36,-19.20,-26.07,-20.58,-14.90,-12.73,-12.55,-13.35,-13.81,-13.62,-14.16,-16.34,-20.13,-23.81,-24.34,-21.64,-18.41,-16.70,-16.79,-19.05,-26.07,-26.65,-17.64,-14.29,-13.78,-15.50,-18.10,-18.33,-18.29,-21.72,-31.71,-20.33,-15.55,-13.71,-13.20,-13.30,-14.31,-17.70,-25.78,-18.09,-12.99,-11.38,-12.10,-14.89,-19.50,-24.98,-36.72,-26.44,-18.79,-15.90,-15.46,-16.58,-17.90,-17.86,-16.94,-16.51,-17.67,-22.20,-32.24,-20.83,-17.41,-18.31,-24.77,-30.18,-20.97,-20.40,-26.56,-28.52,-21.47,-22.01,-25.07,-18.62,-15.16,-15.34,-19.15,-29.00,-27.66,-25.81,-30.73,-44.74,-38.47,-27.15,-22.35,-21.59,-22.40,-19.08,-15.90,-15.28,-17.12,-21.17,-25.19,-21.97,-16.99,-14.25,-13.96,-16.36,-19.48
ARG006,X3SY2Q61.DTA,R,false,82.8,-51.26,-42.87,-40.39,-32.80,-18.05,-10.17,-5.31,-2.44,-0.95,-0.29,-0.13,-0.62,-2.15,-4.91,-8.44,-10.79,-9.60,-6.42,-4.19,-3.87,-5.66,-7.43,-4.29,-1.41,-0.74,-2.36,-6.33,-9.80,-9.11,-10.74,-18.75,-20.89,-16.92,-16.84,-10.05,-6.38,-5.85,-7.57,-10.06,-12.32,-15.84,-12.40,-7.74,-6.23,-6.80,-7.68,-7.65,-8.35,-11.50,-19.13,-16.60,-9.57,-5.67,-3.81,-4.01,-7.03,-16.09,-10.98,-5.38,-4.15,-5.69,-8.11,-6.51,-4.75,-5.81,-10.75,-15.00,-10.86,-11.93,-21.83,-16.90,-13.63,-17.02,-12.78,-8.20,-8.17,-13.90,-16.79,-7.49,-4.78,-5.21,-8.60,-13.06,-8.34,-4.73,-3.44,-3.62,-5.04,-8.77,-20.46,-9.57,-4.44,-3.81,-7.18,-16.32,-9.30,-6.22,-7.82,-15.61,-20.68,-12.15,-11.15,-10.55,-8.38,-7.80,-10.82,-22.42,-13.61,-9.87,-10.92,-11.39,-7.57,-5.53,-5.99,-8.73,-13.77,-21.44,-30.71,-23.66,-16.87,-12.08,-9.09,-7.88,-8.40,-10.47,-13.48,-16.92,-22.48,-19.04,-12.21,-9.02,-8.22,-9.36,-11.89,-14.16,-16.89,-34.15,-14.75,-8.08,-5.47,-5.16,-6.48,-8.63,-10.29,-11.21,-12.50,-15.53,-24.80,-22.60,-15.03,-13.95,-17.85,-46.89,-18.40,-15.79,-18.84,-28.97,-19.51,-15.97,-15.00,-14.04,-13.34,-14.18,-17.50,-25.68,-31.53,-22.09,-19.41,-18.81,-19.34,-20.33,-19.19,-15.76,-13.58,-13.54,-15.35,-16.73,-15.85,-15.78,-17.78,-21.22,-23.45,-22.28,-19.45,-17.40,-16.89,-17.74,-19.00,-19.45,-19.58,-20.02,-19.54,-18.16,-16.71,-14.69,-12.75,-12.10,-13.28,-16.62,-23.58,-34.69,-19.94,-15.99,-15.64,-17.88,-19.76,-19.53,-22.61,-29.55,-20.31,-17.77,-19.05,-18.99,-15.86,-14.89,-16.97,-20.88,-18.82,-16.58,-17.37,-20.55,-21.72,-20.01,-19.91,-21.42,-23.37,-25.67,-31.17,-34.11,-22.84,-18.16,-16.33,-16.51,-18.26,-21.07,-24.59,-26.58,-24.99,-24.63,-25.25,-23.08,-21.80,-23.44,-22.96,-19.82,-20.67,-28.53,-18.95,-13.98,-13.38,-16.28,-21.47,-21.95,-24.76,-21.05,-14.54,-12.68
ARG007,X3SY2R30.DTA,R,false,83.1,-36.89,-35.02,-36.84,-25.66,-16.94,-10.46,-6.40,-4.97,-6.98,-20.28,-8.21,-1.99,-0.60,-2.34,-7.82,-18.29,-13.05,-12.65,-16.77,-24.44,-24.36,-19.86,-19.13,-14.57,-8.30,-4.80,-3.67,-4.82,-9.07,-22.63,-15.14,-10.04,-9.64,-12.40,-19.69,-31.62,-20.45,-19.88,-20.58,-16.41,-13.47,-13.50,-17.63,-44.46,-18.00,-13.54,-12.33,-12.36,-12.56,-12.75,-13.52,-15.96,-23.17,-24.29,-16.91,-16.72,-19.88,-14.22,-9.70,-8.37,-9.54,-12.93,-18.02,-22.40,-21.92,-19.63,-18.95,-19.70,-22.25,-34.60,-20.96,-14.32,-12.00,-12.60,-16.05,-19.65,-16.22,-13.34,-12.06,-11.53,-11.58,-12.44,-14.07,-15.31,-14.71,-14.00,-15.23,-20.57,-34.85,-18.49,-15.66,-17.42,-26.45,-20.93,-14.49,-12.82,-14.27,-18.08,-16.63,-12.74,-11.27,-11.65,-13.00,-14.91,-18.17,-18.06,-13.36,-11.63,-13.67,-23.40,-19.40,-13.25,-12.75,-15.75,-21.74,-24.69,-21.19,-17.43,-15.72,-16.74,-20.82,-28.25,-39.03,-37.22,-28.26,-25.81,-23.68,-20.37,-18.26,-17.20,-16.37,-16.01,-16.86,-19.11,-21.82,-22.54,-21.74,-22.49,-29.00,-27.52,-18.25,-15.08,-15.01,-17.98,-25.39,-26.68,-22.60,-22.71,-25.31,-29.01,-29.13,-28.03,-31.40,-26.73,-19.90,-17.40,-18.38,-22.90,-21.61,-17.67,-17.49,-20.89,-25.22,-22.42,-22.07,-26.78,-36.73,-26.56,-24.49,-25.36,-25.27,-24.32,-25.60,-30.61,-33.71,-30.88,-35.61,-33.64,-25.85,-24.26,-26.96,-33.40,-28.58,-26.03,-27.28,-30.34,-30.97,-30.61,-30.52,-28.39,-26.07,-25.01,-25.17,-26.69,-31.19,-42.50,-26.42,-20.59,-17.92,-17.52,-19.51,-25.39,-45.83,-25.78,-22.32,-21.94,-24.11,-30.52,-40.57,-35.72,-46.51,-26.91,-21.27,-19.53,-20.22,-22.39,-25.05,-29.25,-35.51,-27.00,-22.80,-21.59,-22.32,-24.51,-27.63,-30.40,-31.10,-30.78,-30.79,-29.57,-26.67,-24.50,-24.07,-25.96,-31.12,-33.80,-29.58,-29.01,-31.66,-29.53,-24.60,-22.38,-22.53,-25.11,-30.61,-35.44,-32.05,-28.49,-26.09,-25.51,-26.93,-28.54,-27.45,-26.63,-27.76,-30.50,-32.44
ARG007,X3SY2R34.DTA,L,false,85.2,-39.34,-41.90,-36.78,-37.37,-32.15,-23.44,-19.04,-16.75,-14.64,-12.36,-11.26,-11.34,-10.84,-9.24,-8.54,-9.75,-12.03,-11.54,-9.84,-10.17,-13.27,-18.01,-20.08,-29.07,-18.88,-11.02,-8.35,-8.99,-13.52,-26.39,-18.10,-16.58,-15.45,-9.55,-5.91,-4.58,-5.11,-7.54,-12.89,-23.78,-14.36,-11.07,-12.75,-19.53,-10.11,-5.11,-3.66,-4.73,-7.57,-9.35,-9.33,-11.20,-17.23,-28.15,-22.77,-21.77,-16.16,-11.97,-10.15,-10.01,-10.99,-11.78,-9.76,-6.03,-3.18,-1.95,-2.64,-5.93,-11.00,-6.60,-3.27,-3.23,-6.66,-16.37,-9.51,-4.36,-2.42,-2.19,-3.74,-8.31,-15.88,-9.17,-6.71,-8.17,-11.72,-10.38,-8.36,-8.68,-9.04,-7.38,-5.73,-5.14,-5.86,-8.20,-10.52,-9.13,-8.31,-10.13,-11.59,-9.37,-9.12,-13.42,-24.51,-12.94,-10.66,-13.07,-18.85,-15.36,-12.98,-14.26,-17.11,-17.27,-17.89,-22.89,-20.76,-14.54,-12.54,-14.36,-25.11,-16.14,-10.07,-8.78,-10.31,-12.74,-13.71,-16.93,-25.70,-14.32,-11.02,-12.06,-17.35,-20.39,-14.84,-11.82,-10.03,-9.72,-11.87,-19.13,-25.39,-16.09,-16.11,-21.59,-15.28,-9.71,-7.50,-7.52,-9.89,-16.86,-24.33,-13.27,-11.37,-13.77,-23.49,-22.27,-17.41,-20.76,-29.21,-16.78,-14.02,-15.54,-21.60,-20.89,-16.74,-16.76,-19.29,-19.63,-18.02,-18.86,-21.25,-17.00,-12.00,-9.02,-7.61,-7.70,-9.61,-14.61,-33.56,-18.61,-14.77,-15.45,-19.39,-24.15,-23.96,-26.27,-42.66,-27.73,-21.68,-18.99,-18.49,-20.86,-29.44,-28.19,-22.03,-21.53,-22.05,-17.80,-13.29,-10.58,-9.63,-10.48,-13.41,-19.00,-25.81,-26.43,-23.32,-18.71,-16.59,-17.28,-20.39,-21.23,-18.87,-18.72,-21.44,-26.53,-28.60,-27.87,-26.59,-24.54,-24.28,-27.22,-39.06,-31.50,-24.55,-22.25,-22.51,-24.31,-23.49,-20.29,-18.39,-17.97,-18.46,-19.12,-19.39,-19.07,-18.58,-18.63,-19.84,-22.26,-23.23,-20.79,-19.22,-20.09,-24.67,-29.96,-22.01,-18.98,-19.21,-22.53,-29.57,-27.69,-24.92,-25.35,-24.06,-21.18,-20.38,-22.30,-24.84
ARG007,X3SY2R32.DTA,R,false,83.7,-42.76,-41.31,-30.60,-23.93,-17.27,-10.37,-5.06,-1.92,-0.24,0.46,0.55,0.75,1.04,0.23,-3.06,-11.52,-18.04,-11.89,-11.06,-10.56,-14.01,-17.27,-6.79,-3.75,-4.47,-8.81,-19.85,-29.91,-30.56,-16.04,-12.41,-12.98,-12.78,-9.24,-7.41,-7.96,-9.64,-10.34,-9.91,-9.18,-9.03,-10.85,-16.44,-16.73,-10.99,-8.77,-8.56,-9.46,-11.51,-17.12,-28.34,-12.84,-8.23,-6.37,-6.20,-7.08,-8.41,-10.28,-13.57,-19.20,-22.50,-20.71,-17.32,-12.83,-10.12,-9.25,-9.91,-11.93,-14.29,-11.10,-7.02,-5.17,-5.30,-7.07,-9.70,-12.24,-15.78,-22.04,-20.63,-14.36,-9.93,-6.20,-3.17,-1.36,-1.13,-2.69,-5.96,-9.67,-11.87,-12.67,-10.96,-9.85,-11.57,-17.00,-24.56,-28.46,-16.72,-9.91,-6.72,-5.65,-6.17,-8.49,-14.47,-17.42,-9.45,-6.74,-6.90,-9.60,-15.80,-31.90,-25.01,-24.44,-29.70,-23.88,-18.18,-14.17,-11.08,-9.05,-8.23,-8.93,-11.86,-19.31,-24.82,-17.20,-16.71,-19.39,-19.11,-17.30,-18.53,-24.09,-29.70,-25.20,-25.41,-24.41,-21.25,-19.78,-20.06,-22.03,-25.47,-25.60,-22.94,-22.01,-21.55,-19.84,-18.60,-19.94,-25.76,-22.40,-16.30,-14.27,-15.25,-19.41,-23.86,-21.45,-22.22,-30.36,-34.91,-34.74,-24.45,-15.46,-11.50,-10.37,-11.45,-14.57,-20.20,-35.31,-23.58,-17.68,-16.50,-19.50,-29.63,-20.58,-16.80,-17.81,-23.78,-25.55,-21.74,-25.78,-28.48,-16.69,-12.83,-11.84,-13.08,-17.14,-22.57,-16.90,-13.84,-14.24,-17.82,-22.21,-20.28,-19.99,-23.83,-30.33,-23.14,-18.10,-15.89,-16.21,-19.68,-27.45,-24.58,-22.85,-26.46,-34.77,-34.92,-39.94,-24.82,-19.39,-17.64,-18.11,-19.95,-22.17,-23.88,-25.96,-32.88,-31.36,-22.39,-19.43,-19.65,-23.18,-33.79,-29.45,-23.24,-21.49,-22.89,-30.11,-33.12,-23.77,-21.90,-23.18,-24.00,-21.55,-20.47,-22.17,-25.32,-22.80,-20.40,-21.12,-24.42,-27.27,-28.68,-31.66,-26.69,-23.95,-26.02,-29.47,-23.36,-20.92,-23.07,-33.65,-26.69,-22.71,-25.02,-31.79,-20.95,-16.47,-15.23
ARG007,X3SY2R33.DTA,L,false,82.8,-41.82,-36.90,-35.47,-34.13,-23.40,-17.35,-15.39,-16.22,-15.15,-12.11,-11.26,-13.46,-21.11,-22.34,-12.14,-8.65,-8.84,-11.88,-10.08,-6.37,-5.95,-9.51,-23.22,-13.94,-10.35,-12.33,-17.58,-13.31,-11.16,-12.01,-10.24,-7.39,-7.23,-10.61,-19.64,-23.78,-19.11,-11.19,-6.20,-4.27,-4.72,-7.05,-10.08,-12.64,-18.03,-24.15,-12.29,-8.73,-8.17,-9.49,-11.79,-13.50,-13.36,-12.42,-12.61,-15.84,-29.65,-20.82,-17.48,-18.51,-12.47,-8.15,-7.23,-9.61,-17.48,-20.14,-12.62,-10.21,-9.96,-12.47,-22.06,-15.20,-9.64,-9.02,-12.72,-20.00,-11.38,-8.13,-8.77,-14.00,-32.10,-13.97,-11.35,-12.01,-13.03,-14.04,-20.17,-15.84,-7.12,-3.51,-2.77,-4.85,-10.88,-10.06,-4.89,-3.66,-5.42,-10.64,-23.06,-22.54,-22.22,-18.21,-13.82,-13.32,-15.21,-14.60,-12.23,-11.69,-13.01,-15.85,-20.57,-21.82,-16.81,-14.81,-15.87,-20.58,-34.44,-21.55,-16.35,-14.96,-17.44,-27.77,-17.60,-13.15,-13.63,-19.58,-18.20,-12.13,-10.70,-11.55,-11.39,-9.40,-8.53,-9.64,-12.82,-17.34,-19.37,-18.22,-15.28,-11.92,-9.67,-8.90,-9.83,-12.92,-18.65,-19.56,-17.23,-18.58,-24.40,-35.98,-21.47,-14.39,-10.77,-9.95,-12.26,-20.00,-20.96,-15.31,-15.75,-21.73,-27.93,-18.10,-14.60,-13.07,-12.50,-12.18,-11.85,-12.03,-12.97,-14.05,-14.59,-14.94,-15.39,-16.30,-18.48,-21.07,-20.19,-18.98,-19.68,-21.67,-24.96,-29.87,-25.24,-22.43,-24.15,-26.44,-22.26,-20.46,-20.99,-21.81,-23.00,-23.40,-19.55,-17.40,-18.89,-26.62,-29.89,-22.99,-21.15,-17.55,-15.21,-16.20,-22.97,-22.05,-15.14,-13.69,-15.86,-23.51,-30.94,-21.76,-22.05,-26.27,-22.67,-18.40,-16.88,-17.09,-18.22,-19.47,-20.51,-21.52,-22.27,-23.04,-26.23,-33.34,-22.51,-17.74,-16.48,-17.74,-20.70,-22.18,-22.30,-24.81,-24.86,-20.26,-18.32,-18.36,-17.54,-15.25,-14.19,-15.51,-19.97,-24.69,-22.08,-23.08,-27.25,-22.08,-19.57,-21.67,-30.96,-27.73,-24.76,-29.71,-26.00,-19.91,-18.69,-21.16,-25.20
ARG007,X3SY2R31.DTA,R,false,83.7,-48.16,-40.04,-30.76,-26.52,-29.33,-22.91,-13.80,-9.64,-7.24,-3.98,-0.65,1.10,0.74,-2.29,-10.36,-14.83,-6.77,-4.45,-3.65,-3.71,-5.16,-9.12,-18.87,-18.31,-14.57,-18.78,-21.91,-11.35,-7.98,-8.02,-11.75,-19.78,-12.26,-9.13,-10.09,-14.17,-12.59,-7.95,-5.66,-5.25,-6.66,-10.11,-12.98,-10.95,-9.99,-11.50,-15.13,-19.81,-23.07,-24.32,-22.57,-16.48,-11.90,-9.78,-10.01,-13.20,-22.29,-15.84,-9.85,-7.47,-7.29,-9.33,-14.06,-13.32,-8.23,-5.98,-5.89,-7.43,-9.70,-11.30,-12.72,-15.58,-19.93,-20.83,-15.91,-11.58,-9.45,-9.58,-11.95,-15.88,-18.36,-19.99,-19.38,-14.26,-10.99,-9.94,-10.95,-14.49,-20.49,-17.18,-13.46,-12.22,-12.26,-12.70,-13.06,-13.38,-14.04,-15.29,-16.58,-16.52,-15.27,-14.22,-14.20,-16.31,-22.77,-16.68,-10.22,-7.40,-6.94,-8.57,-12.42,-18.05,-20.53,-21.45,-23.64,-20.45,-17.03,-15.87,-16.43,-17.96,-19.53,-20.14,-18.07,-14.93,-12.93,-12.40,-13.25,-15.74,-21.51,-30.59,-19.14,-15.29,-14.18,-14.49,-15.45,-16.87,-18.95,-21.62,-24.02,-25.69,-26.03,-23.49,-19.91,-17.08,-15.55,-15.72,-18.36,-24.90,-20.60,-15.15,-13.17,-13.55,-16.19,-21.84,-31.78,-29.35,-24.64,-20.39,-17.65,-16.73,-17.17,-17.89,-17.87,-17.82,-18.92,-21.12,-20.58,-17.68,-16.46,-17.67,-21.97,-32.46,-28.40,-22.27,-19.79,-20.53,-28.13,-25.92,-17.82,-16.08,-17.99,-21.66,-19.51,-17.54,-18.64,-23.33,-41.46,-26.11,-20.59,-19.05,-20.04,-22.85,-26.14,-30.40,-34.49,-30.62,-32.52,-26.64,-19.24,-15.85,-15.09,-16.69,-21.51,-28.12,-20.66,-17.16,-16.54,-17.95,-20.97,-24.54,-26.46,-25.79,-24.05,-23.05,-23.54,-25.54,-27.93,-28.27,-27.91,-29.38,-34.12,-35.21,-29.29,-26.89,-27.20,-29.80,-33.26,-32.90,-28.94,-24.68,-21.82,-20.78,-21.71,-25.07,-32.11,-33.69,-28.43,-26.59,-27.00,-29.78,-35.75,-33.74,-28.92,-27.63,-29.14,-31.59,-29.00,-26.06,-25.54,-27.54,-31.06,-30.83,-28.99,-27.68,-25.17,-22.73,-21.82
ARG007,X3SY2R35.DTA,L,false,85.2,-44.29,-47.10,-29.67,-23.94,-23.92,-30.23,-17.11,-11.75,-11.36,-17.38,-21.49,-11.87,-11.26,-13.92,-9.24,-5.86,-5.95,-9.30,-17.02,-26.38,-42.84,-17.82,-11.52,-8.90,-8.14,-9.15,-13.03,-27.42,-18.88,-16.18,-23.88,-18.10,-11.87,-11.56,-15.70,-14.69,-9.74,-7.72,-7.28,-7.51,-7.85,-7.71,-6.98,-6.61,-7.42,-9.74,-14.00,-21.14,-25.48,-24.10,-29.20,-18.71,-11.25,-7.86,-7.34,-9.54,-11.72,-9.65,-10.28,-22.51,-10.76,-4.21,-2.49,-3.74,-7.97,-17.27,-22.34,-11.96,-8.24,-7.41,-8.72,-9.54,-7.76,-6.45,-6.86,-9.45,-16.83,-21.22,-10.77,-7.84,-6.73,-4.88,-2.64,-1.67,-2.60,-5.72,-10.21,-12.30,-15.70,-37.81,-14.34,-11.62,-12.73,-11.68,-9.39,-9.42,-8.60,-4.84,-2.30,-1.75,-2.88,-4.90,-6.35,-7.19,-9.16,-13.80,-21.27,-17.44,-14.70,-14.05,-13.26,-12.07,-11.71,-13.06,-17.37,-32.50,-20.70,-15.57,-14.44,-14.75,-13.37,-10.44,-8.60,-8.51,-10.19,-13.45,-17.00,-17.57,-15.84,-14.64,-15.25,-18.88,-29.32,-20.93,-15.59,-13.76,-14.00,-16.00,-19.06,-20.74,-22.20,-30.72,-23.37,-16.05,-13.84,-14.87,-16.02,-12.05,-9.23,-9.41,-13.79,-41.38,-14.00,-10.85,-12.65,-22.57,-19.61,-13.48,-13.76,-18.76,-19.11,-14.43,-14.12,-17.76,-22.53,-18.58,-17.29,-19.17,-20.91,-19.83,-20.02,-23.12,-30.63,-35.69,-28.66,-25.54,-24.63,-23.15,-19.65,-17.01,-16.16,-17.34,-21.36,-27.43,-21.17,-18.14,-19.34,-26.03,-23.01,-17.76,-16.76,-18.16,-21.06,-24.67,-20.94,-15.44,-12.71,-12.27,-14.06,-19.02,-24.30,-16.99,-13.34,-12.37,-13.72,-18.40,-24.21,-17.27,-14.70,-15.50,-17.80,-17.28,-16.24,-18.03,-23.87,-23.11,-18.92,-18.46,-20.59,-24.29,-27.55,-28.51,-29.00,-34.69,-30.61,-21.20,-17.34,-16.42,-18.23,-24.08,-44.57,-25.83,-23.01,-23.00,-23.31,-22.65,-21.32,-19.72,-18.14,-17.08,-16.97,-17.88,-19.33,-20.45,-21.12,-21.69,-21.45,-21.04,-21.57,-22.47,-22.35,-21.95,-22.66,-24.89,-28.72,-34.68,-42.31
ARG008,X3SY2R41.DTA,L,false,84.5,-39.99,-40.23,-40.20,-36.43,-33.14,-31.03,-26.87,-21.83,-18.06,-15.80,-14.93,-15.37,-17.05,-19.59,-21.74,-22.45,-22.29,-21.32,-19.41,-17.37,-16.35,-17.47,-23.20,-27.22,-17.08,-13.94,-14.05,-17.37,-24.63,-18.70,-13.82,-12.07,-12.53,-14.96,-18.02,-18.95,-21.82,-28.55,-16.44,-11.82,-10.51,-11.51,-14.65,-20.51,-30.27,-22.57,-17.48,-15.00,-14.05,-14.41,-16.57,-22.24,-22.93,-15.91,-13.26,-13.62,-17.08,-24.66,-26.40,-26.69,-26.23,-17.09,-12.40,-10.29,-10.06,-11.76,-16.40,-28.30,-19.15,-15.02,-14.89,-17.87,-23.90,-24.58,-24.26,-26.32,-19.13,-14.90,-14.04,-15.26,-15.06,-13.41,-14.26,-20.55,-22.82,-15.96,-15.55,-15.84,-12.38,-10.35,-10.98,-13.99,-17.44,-16.99,-14.77,-13.14,-13.00,-14.80,-18.77,-24.81,-34.39,-31.66,-20.23,-14.80,-12.27,-12.21,-15.16,-24.61,-23.48,-17.20,-16.74,-20.38,-25.91,-19.10,-15.92,-15.80,-17.41,-18.81,-19.91,-24.07,-38.59,-22.44,-18.70,-19.03,-23.38,-32.89,-23.97,-21.34,-24.04,-38.08,-21.04,-15.87,-13.99,-13.83,-14.74,-16.62,-20.02,-26.25,-37.21,-33.14,-28.16,-24.05,-21.38,-20.45,-21.62,-25.42,-27.71,-25.31,-25.22,-22.22,-17.54,-15.57,-16.78,-23.01,-31.96,-21.60,-22.17,-32.88,-20.13,-15.24,-14.64,-17.76,-27.48,-23.20,-19.12,-19.23,-18.79,-16.04,-14.48,-14.99,-17.62,-21.54,-21.75,-19.82,-19.72,-21.90,-26.61,-32.47,-31.58,-25.40,-20.69,-18.81,-20.22,-27.12,-23.98,-18.17,-17.39,-21.11,-42.43,-24.07,-21.26,-24.55,-31.31,-24.36,-22.93,-26.22,-29.19,-25.14,-24.19,-25.39,-23.99,-20.90,-19.21,-19.04,-20.00,-21.60,-23.50,-26.18,-30.28,-31.34,-28.44,-27.82,-30.47,-39.77,-37.06,-30.07,-28.04,-28.61,-31.63,-36.61,-37.10,-37.91,-42.98,-32.86,-29.21,-31.78,-40.16,-24.53,-19.69,-18.19,-18.91,-21.22,-24.47,-29.61,-32.61,-25.94,-24.21,-27.61,-33.26,-23.67,-20.09,-19.54,-20.93,-23.69,-26.89,-28.65,-29.41,-32.55,-38.21,-30.75,-26.75,-25.19,-24.27,-23.66,-24.31,-27.22,-30.74
ARG008,X3SY2R40.DTA,L,false,84.2,-50.96,-45.54,-36.02,-28.08,-22.95,-20.20,-19.26,-18.69,-15.66,-11.96,-10.09,-10.76,-14.54,-16.28,-11.97,-10.51,-11.49,-12.76,-12.67,-13.55,-16.91,-15.69,-10.78,-8.49,-8.40,-9.80,-10.74,-10.10,-10.28,-13.33,-24.37,-20.43,-14.72,-14.98,-18.64,-18.65,-15.11,-13.28,-12.19,-11.61,-11.99,-13.25,-15.50,-20.82,-24.40,-16.09,-14.00,-17.04,-27.29,-14.47,-10.36,-9.75,-10.97,-12.53,-14.46,-17.96,-16.19,-12.26,-11.37,-12.95,-14.76,-14.83,-15.68,-16.97,-16.33,-17.27,-24.31,-21.64,-15.46,-14.71,-17.78,-25.98,-40.90,-28.46,-22.34,-19.90,-22.82,-35.60,-18.54,-14.75,-15.35,-21.57,-27.72,-17.12,-15.05,-16.64,-22.65,-27.09,-19.09,-16.60,-16.94,-19.08,-21.66,-21.37,-16.72,-12.88,-11.25,-11.92,-15.14,-20.37,-20.21,-18.49,-18.93,-19.86,-20.06,-19.68,-18.20,-16.68,-16.69,-19.08,-25.33,-51.31,-30.93,-30.50,-29.10,-25.22,-24.78,-24.70,-19.19,-15.20,-13.80,-14.54,-17.17,-21.62,-27.85,-27.18,-20.90,-16.68,-14.10,-13.23,-14.39,-18.43,-29.19,-28.09,-21.87,-18.56,-16.09,-15.23,-16.32,-19.50,-25.42,-35.56,-32.06,-29.43,-25.77,-21.32,-19.24,-19.90,-23.86,-32.01,-27.23,-22.09,-18.96,-17.39,-17.77,-20.97,-29.65,-23.77,-18.20,-16.17,-16.18,-17.87,-21.43,-28.73,-39.20,-25.64,-21.61,-20.00,-19.92,-21.43,-25.85,-36.07,-23.41,-17.89,-15.53,-15.46,-17.88,-23.90,-28.99,-25.02,-25.59,-30.80,-31.07,-24.24,-20.63,-19.30,-20.13,-23.55,-31.32,-40.74,-35.02,-39.92,-37.59,-27.17,-22.33,-19.92,-19.50,-21.46,-27.49,-30.27,-23.31,-21.63,-23.92,-33.65,-28.69,-22.30,-20.48,-20.71,-21.33,-20.71,-19.87,-20.21,-21.36,-21.01,-19.56,-19.28,-20.25,-20.41,-19.02,-18.50,-20.15,-25.49,-39.93,-26.24,-22.87,-23.02,-25.69,-31.04,-38.69,-38.91,-31.19,-25.24,-21.74,-20.24,-20.55,-22.62,-25.94,-27.21,-25.19,-23.24,-21.65,-20.04,-18.88,-18.93,-20.80,-25.29,-30.60,-26.86,-24.81,-26.34,-36.18,-27.67,-20.06,-17.24,-17.45,-21.55,-37.54
ARG008,X3SY2R39.DTA,L,false,84.2,-63.30,-54.63,-47.01,-37.67,-31.64,-28.88,-27.95,-26.68,-23.35,-20.45,-19.29,-18.98,-17.86,-16.00,-14.47,-14.21,-16.66,-25.70,-17.60,-12.24,-11.29,-13.87,-21.52,-22.60,-19.30,-22.12,-27.83,-24.94,-26.31,-28.61,-22.79,-21.18,-22.45,-22.81,-21.37,-21.47,-24.95,-30.39,-22.78,-19.61,-20.39,-25.28,-25.68,-20.40,-18.52,-18.77,-20.34,-20.68,-17.55,-14.80,-13.80,-14.50,-15.91,-15.86,-14.99,-15.62,-18.94,-27.29,-30.86,-24.84,-23.48,-23.36,-23.85,-24.37,-24.49,-23.92,-18.93,-14.25,-12.17,-13.08,-18.83,-20.35,-12.98,-11.38,-13.99,-23.18,-19.44,-15.89,-17.94,-23.56,-22.11,-22.06,-20.65,-14.99,-12.04,-11.37,-12.28,-14.60,-18.99,-27.58,-40.82,-35.37,-21.97,-16.25,-14.28,-15.27,-19.86,-35.08,-25.53,-21.39,-21.17,-22.85,-24.52,-22.24,-19.81,-19.59,-21.73,-26.21,-31.75,-33.30,-32.58,-36.53,-29.24,-21.18,-17.55,-16.82,-18.80,-24.16,-34.72,-35.21,-29.63,-24.21,-21.47,-20.31,-19.12,-18.12,-18.68,-21.78,-26.64,-24.19,-21.64,-21.64,-23.33,-26.31,-30.51,-27.28,-22.25,-20.05,-20.13,-21.84,-23.76,-25.66,-32.10,-34.42,-24.26,-22.10,-24.66,-38.94,-27.68,-23.64,-25.52,-36.71,-29.55,-24.98,-25.50,-29.04,-33.16,-32.48,-28.51,-25.90,-25.45,-24.92,-21.72,-18.65,-17.01,-16.80,-18.13,-21.69,-31.03,-30.55,-23.50,-22.70,-26.86,-43.42,-24.97,-21.28,-21.31,-24.12,-30.14,-40.45,-38.72,-35.70,-34.40,-34.82,-36.65,-35.58,-32.37,-30.79,-31.07,-32.57,-33.81,-33.23,-31.07,-29.01,-28.19,-29.10,-31.74,-32.92,-30.29,-28.07,-26.27,-24.68,-24.31,-26.22,-29.96,-27.98,-25.03,-24.84,-27.30,-33.29,-49.99,-34.64,-31.05,-31.97,-40.06,-36.20,-28.16,-25.05,-24.01,-24.28,-25.56,-27.36,-27.69,-25.79,-23.92,-22.95,-22.86,-23.54,-24.76,-25.97,-26.83,-28.34,-32.43,-43.19,-33.66,-28.69,-27.31,-28.75,-34.85,-33.57,-25.89,-23.15,-23.90,-30.06,-35.40,-24.20,-21.39,-21.83,-24.92,-30.66,-37.68,-37.75,-31.98,-28.31,-26.90,-26.88,-27.10
ARG008,X3SY2R36.DTA,R,false,84.2,-53.97,-40.68,-42.90,-33.51,-27.62,-25.09,-24.01,-23.90,-22.34,-18.46,-16.98,-20.32,-20.06,-11.56,-7.52,-6.23,-7.21,-10.60,-17.64,-21.08,-15.76,-15.12,-17.94,-25.47,-29.21,-26.20,-28.80,-16.38,-10.74,-8.71,-9.84,-16.13,-18.46,-10.10,-7.76,-8.26,-11.12,-16.99,-20.85,-15.81,-14.55,-17.30,-29.04,-23.67,-18.66,-19.38,-23.71,-25.51,-22.34,-21.65,-19.44,-15.28,-12.92,-12.96,-15.25,-18.26,-18.99,-18.34,-15.44,-12.37,-11.11,-11.40,-12.30,-13.49,-15.71,-19.41,-21.11,-20.39,-21.38,-21.19,-19.37,-19.72,-22.68,-20.70,-16.39,-14.44,-14.31,-15.69,-17.85,-17.84,-15.12,-12.93,-12.56,-14.67,-21.16,-21.44,-15.22,-13.57,-14.23,-15.47,-16.32,-18.13,-22.87,-25.09,-17.59,-13.57,-12.20,-13.46,-18.83,-40.04,-19.28,-16.54,-17.82,-21.27,-21.16,-19.74,-21.78,-32.07,-26.44,-21.35,-21.80,-24.97,-24.41,-23.12,-25.99,-38.55,-27.66,-22.50,-20.11,-18.25,-16.49,-15.18,-14.69,-15.25,-16.99,-19.89,-23.85,-28.96,-37.05,-38.77,-31.78,-29.51,-30.53,-29.70,-22.87,-18.47,-16.74,-17.76,-22.91,-28.45,-20.17,-17.86,-19.19,-24.35,-30.24,-25.26,-23.47,-23.78,-24.47,-24.72,-24.44,-23.27,-21.50,-20.33,-20.55,-22.46,-25.81,-27.87,-27.57,-28.00,-28.11,-25.61,-22.82,-21.09,-20.25,-19.85,-19.78,-20.64,-23.55,-31.79,-35.51,-26.93,-25.25,-24.58,-23.86,-25.22,-30.09,-27.63,-23.88,-24.31,-27.04,-25.18,-22.81,-23.40,-26.91,-31.70,-35.32,-36.34,-28.33,-24.66,-24.72,-29.04,-34.83,-28.56,-27.43,-31.53,-51.08,-35.02,-35.92,-56.96,-35.28,-32.86,-29.89,-24.98,-22.75,-23.57,-26.71,-27.94,-28.03,-33.21,-37.24,-28.05,-26.85,-29.45,-28.82,-25.25,-24.40,-26.44,-31.77,-42.26,-49.88,-40.98,-35.14,-34.54,-36.98,-32.13,-29.00,-29.79,-29.73,-25.42,-23.43,-24.59,-29.53,-43.42,-39.28,-33.27,-28.58,-26.03,-25.90,-28.24,-33.99,-39.64,-32.06,-28.86,-28.38,-29.68,-31.46,-32.78,-36.65,-57.89,-34.47,-30.26,-29.09,-28.91,-29.46,-32.69,-39.99
ARG008,X3SY2R38.DTA,R,false,83.1,-42.82,-36.91,-34.43,-34.01,-38.99,-33.79,-22.19,-16.59,-13.74,-13.05,-14.71,-20.88,-24.55,-15.69,-13.84,-16.31,-26.18,-23.38,-20.13,-26.02,-21.02,-13.92,-11.41,-11.63,-14.95,-25.70,-16.09,-9.86,-7.10,-6.20,-6.75,-8.62,-11.55,-14.32,-15.46,-16.21,-17.55,-18.56,-17.73,-16.04,-15.62,-18.07,-27.63,-24.13,-18.14,-17.76,-21.10,-28.41,-32.28,-28.25,-24.84,-23.84,-26.28,-36.01,-31.85,-22.45,-18.17,-16.99,-18.62,-19.27,-15.70,-14.36,-17.23,-35.86,-18.65,-13.86,-12.96,-13.12,-13.13,-14.37,-19.54,-31.85,-18.01,-15.16,-15.90,-18.32,-18.50,-17.22,-17.33,-17.77,-16.97,-16.45,-15.99,-13.23,-10.48,-9.55,-10.55,-12.74,-13.99,-14.26,-15.82,-20.02,-21.25,-14.54,-10.83,-9.86,-11.54,-17.01,-26.72,-16.91,-13.31,-12.78,-15.33,-24.93,-18.42,-12.02,-9.83,-10.07,-12.77,-19.76,-28.80,-20.75,-20.63,-20.22,-17.92,-19.03,-29.79,-21.96,-15.55,-13.94,-14.32,-14.99,-15.14,-15.87,-17.88,-19.10,-18.12,-19.40,-24.22,-16.88,-12.18,-11.19,-13.51,-21.44,-24.85,-17.39,-16.92,-20.85,-29.54,-23.24,-21.60,-27.51,-26.54,-17.81,-15.35,-16.23,-19.89,-22.23,-20.27,-20.02,-20.38,-18.68,-17.31,-18.05,-21.20,-23.63,-21.04,-19.44,-19.80,-21.52,-23.80,-25.49,-26.20,-26.05,-24.34,-22.59,-22.46,-24.26,-26.42,-26.06,-25.26,-24.37,-22.66,-21.67,-22.53,-25.44,-27.77,-26.25,-26.11,-30.31,-38.19,-26.68,-22.89,-22.53,-25.35,-34.56,-30.06,-24.08,-22.25,-21.82,-21.36,-21.16,-22.41,-25.31,-25.97,-23.70,-23.23,-25.11,-26.10,-22.73,-20.24,-19.72,-20.65,-21.82,-22.36,-23.88,-29.26,-32.03,-23.98,-21.21,-21.35,-23.72,-26.38,-25.18,-23.30,-22.24,-21.29,-20.79,-21.97,-26.39,-35.07,-28.74,-26.69,-27.77,-27.03,-24.96,-24.69,-25.90,-27.13,-27.70,-27.22,-25.68,-25.23,-27.55,-36.23,-36.36,-28.97,-27.60,-28.22,-28.19,-27.08,-26.71,-27.45,-28.30,-28.35,-27.21,-24.60,-22.03,-20.76,-21.06,-22.43,-23.06,-22.36,-22.37,-24.21,-28.56,-33.93
ARG008,X3SY2R37.DTA,R,false,84.5,-39.74,-39.47,-41.33,-32.01,-27.40,-26.80,-26.16,-21.86,-19.92,-21.43,-17.96,-12.30,-9.45,-8.96,-10.73,-15.46,-27.52,-25.79,-20.48,-19.72,-18.90,-17.06,-16.25,-17.15,-18.07,-15.86,-13.38,-12.31,-12.22,-12.48,-13.14,-15.04,-18.61,-20.12,-17.06,-15.04,-14.80,-16.04,-17.28,-15.84,-13.67,-12.78,-13.20,-14.47,-16.63,-20.85,-30.61,-25.50,-20.39,-18.55,-17.42,-16.56,-16.72,-18.21,-19.72,-19.60,-20.23,-19.87,-14.93,-11.54,-10.83,-12.83,-16.24,-15.03,-13.63,-15.46,-20.80,-21.94,-19.02,-16.92,-14.31,-12.44,-11.67,-11.68,-12.62,-15.25,-20.82,-34.85,-23.06,-15.91,-11.88,-9.79,-9.28,-10.41,-13.51,-15.42,-11.97,-10.43,-12.65,-21.52,-16.20,-11.44,-11.41,-14.83,-20.83,-20.92,-17.29,-14.71,-14.36,-17.52,-24.29,-18.48,-15.36,-15.22,-16.37,-18.30,-22.12,-27.85,-29.35,-36.64,-26.79,-21.12,-20.66,-22.05,-18.06,-14.33,-13.04,-13.66,-15.38,-16.92,-18.03,-20.13,-24.26,-28.51,-28.05,-27.76,-27.92,-27.82,-29.30,-33.05,-30.94,-25.17,-21.13,-18.69,-17.85,-18.88,-22.91,-39.09,-26.09,-20.58,-19.02,-19.86,-24.11,-38.63,-20.92,-16.20,-15.54,-18.82,-32.50,-21.40,-16.81,-15.91,-15.94,-15.90,-16.50,-18.14,-19.74,-19.58,-18.48,-18.08,-19.46,-23.22,-25.15,-22.66,-22.49,-24.50,-26.94,-32.07,-33.46,-23.66,-20.60,-20.99,-22.89,-20.91,-17.70,-16.10,-15.98,-17.33,-20.98,-31.46,-25.72,-19.19,-16.92,-16.64,-17.63,-19.51,-22.17,-26.20,-35.09,-33.93,-26.78,-25.11,-26.95,-33.82,-47.73,-37.93,-33.10,-26.09,-22.58,-21.84,-22.84,-23.55,-23.12,-22.66,-21.45,-19.83,-19.61,-21.75,-26.07,-27.38,-27.56,-30.21,-24.55,-20.41,-19.76,-22.42,-30.13,-31.89,-27.01,-26.97,-29.23,-32.43,-35.23,-33.91,-31.00,-28.97,-27.17,-25.87,-25.84,-27.38,-29.55,-30.67,-33.20,-38.43,-28.64,-24.06,-23.32,-26.06,-30.86,-27.17,-25.15,-27.77,-42.74,-29.15,-24.04,-23.22,-25.58,-31.68,-29.22,-24.75,-24.24,-27.06,-28.62,-24.78,-23.63,-26.43,-32.20
ARG009,X3SY2R46.DTA,L,false,84.5,-52.25,-49.68,-38.17,-33.35,-29.80,-18.43,-11.83,-8.46,-7.34,-7.65,-8.17,-8.35,-9.29,-11.54,-12.40,-10.49,-9.89,-12.44,-24.50,-15.01,-7.59,-4.48,-3.83,-5.84,-12.70,-19.30,-10.05,-9.03,-12.05,-19.13,-24.29,-16.48,-11.71,-10.45,-13.10,-17.08,-10.56,-6.92,-5.86,-6.36,-8.03,-11.14,-17.29,-30.04,-18.52,-15.22,-14.95,-16.47,-19.27,-22.42,-23.04,-19.32,-15.85,-14.40,-15.27,-19.07,-28.41,-24.61,-17.89,-14.85,-14.41,-16.91,-22.26,-21.85,-21.85,-33.64,-20.70,-14.90,-13.48,-13.80,-12.54,-10.07,-9.08,-10.41,-14.37,-16.37,-14.43,-16.50,-20.42,-12.56,-9.51,-10.67,-17.75,-16.98,-10.46,-8.98,-9.99,-12.17,-14.41,-16.28,-16.47,-15.69,-16.38,-19.67,-27.10,-22.13,-15.51,-12.59,-12.41,-15.38,-25.85,-23.25,-16.84,-16.09,-18.14,-21.94,-25.06,-23.94,-20.90,-19.58,-20.78,-21.24,-17.02,-14.31,-14.51,-18.79,-24.96,-15.80,-12.67,-13.14,-17.20,-26.82,-22.74,-19.96,-20.84,-23.96,-28.47,-22.12,-17.55,-16.78,-20.06,-33.50,-21.98,-17.28,-16.33,-17.33,-19.89,-25.36,-38.14,-23.48,-19.35,-18.95,-22.08,-33.54,-29.60,-24.16,-23.93,-25.38,-25.76,-23.85,-21.66,-21.05,-22.83,-26.02,-23.77,-20.50,-19.03,-18.65,-18.93,-20.07,-22.72,-28.43,-41.43,-28.89,-25.05,-24.80,-27.54,-34.15,-36.74,-31.03,-26.15,-22.48,-20.59,-20.51,-22.20,-25.35,-26.08,-22.64,-20.05,-19.27,-20.59,-25.18,-32.32,-24.48,-21.41,-21.94,-26.16,-39.46,-29.44,-25.01,-24.12,-24.78,-25.79,-26.43,-27.22,-28.50,-27.76,-24.73,-22.75,-22.76,-25.08,-30.09,-33.75,-31.05,-28.73,-27.17,-27.77,-34.52,-32.37,-23.09,-19.99,-20.30,-24.94,-43.82,-24.39,-20.88,-20.86,-22.74,-25.40,-28.11,-31.57,-33.95,-27.20,-22.83,-21.66,-23.60,-29.95,-41.08,-37.29,-33.69,-25.04,-21.11,-20.13,-21.41,-24.75,-30.33,-39.36,-39.66,-35.40,-36.13,-43.58,-43.59,-35.51,-31.45,-27.50,-23.92,-21.43,-20.38,-21.00,-23.47,-26.62,-26.46,-25.88,-27.87,-29.95,-27.06,-25.54
ARG009,X3SY2R44.DTA,R,false,84.5,-41.77,-30.62,-37.03,-19.03,-14.13,-14.93,-23.02,-11.08,-5.70,-6.02,-11.71,-10.43,-7.93,-12.15,-16.43,-6.91,-6.20,-9.74,-7.95,-5.03,-5.42,-8.94,-14.39,-16.46,-13.70,-10.91,-9.59,-9.37,-10.21,-11.98,-14.72,-14.92,-8.80,-5.37,-4.83,-7.13,-12.98,-18.49,-15.34,-9.57,-5.88,-5.23,-8.18,-14.67,-8.43,-4.75,-3.60,-3.04,-2.62,-3.27,-5.87,-11.39,-23.93,-18.38,-13.12,-10.07,-7.62,-6.39,-7.07,-10.50,-20.94,-18.46,-11.66,-10.24,-11.07,-12.52,-12.50,-11.55,-12.17,-15.93,-17.08,-12.99,-12.58,-16.21,-24.58,-21.06,-17.96,-14.04,-10.50,-8.25,-6.44,-5.00,-4.71,-6.27,-8.68,-8.12,-6.99,-7.93,-11.78,-18.03,-15.17,-12.73,-13.66,-19.72,-27.61,-15.47,-12.05,-10.56,-9.77,-9.85,-11.63,-16.98,-32.53,-16.01,-12.55,-12.59,-14.01,-14.47,-13.22,-11.06,-9.31,-8.72,-8.82,-8.38,-7.73,-7.90,-9.08,-11.19,-14.52,-20.71,-23.94,-17.60,-16.52,-19.83,-32.19,-27.23,-22.56,-16.54,-11.62,-9.58,-10.16,-13.49,-18.60,-17.68,-16.24,-14.88,-12.36,-11.13,-12.46,-17.91,-32.90,-18.27,-14.97,-14.54,-15.53,-17.87,-22.47,-30.77,-32.31,-23.96,-17.78,-15.19,-15.81,-19.32,-20.89,-19.20,-21.94,-36.56,-20.33,-16.54,-16.62,-18.40,-18.65,-18.79,-21.34,-24.82,-26.01,-31.11,-31.70,-22.19,-20.34,-22.59,-29.18,-27.33,-20.39,-16.02,-13.66,-13.40,-15.25,-19.65,-24.58,-21.14,-19.15,-19.80,-22.59,-23.11,-20.14,-19.21,-21.37,-27.97,-25.74,-21.41,-20.09,-19.45,-19.75,-22.75,-26.48,-19.58,-16.63,-17.66,-22.73,-23.29,-18.82,-18.06,-19.21,-18.95,-17.53,-17.72,-20.70,-27.84,-29.82,-27.15,-31.39,-24.07,-17.68,-15.10,-14.81,-15.89,-16.41,-15.62,-15.88,-19.03,-30.02,-25.38,-20.33,-21.17,-28.04,-26.95,-18.63,-15.34,-14.46,-15.49,-17.62,-18.28,-17.65,-17.86,-18.36,-18.20,-19.11,-22.80,-25.97,-23.40,-23.77,-29.83,-26.07,-20.78,-20.12,-23.18,-34.06,-29.42,-22.31,-19.47,-18.54,-19.30,-22.14,-28.12,-38.37
ARG009,X3SY2R47.DTA,L,false,84.7,-56.98,-41.15,-43.54,-26.88,-23.69,-30.27,-15.71,-7.86,-4.18,-3.36,-4.85,-7.68,-9.15,-8.73,-8.88,-9.79,-10.00,-8.56,-6.20,-3.80,-1.58,0.24,1.33,1.32,-0.29,-4.11,-7.99,-5.88,-4.88,-7.15,-13.97,-21.14,-16.95,-17.14,-14.12,-11.10,-10.56,-11.94,-13.71,-15.11,-15.46,-13.37,-11.43,-11.08,-12.52,-15.48,-18.41,-18.65,-17.47,-16.76,-16.33,-15.85,-15.84,-18.19,-29.57,-17.95,-12.39,-11.48,-14.40,-20.55,-15.87,-13.37,-14.11,-15.73,-17.41,-21.79,-17.45,-11.44,-8.85,-8.38,-9.42,-11.06,-11.15,-9.80,-8.80,-8.18,-7.89,-8.65,-11.69,-18.07,-14.59,-10.11,-9.05,-10.73,-15.50,-19.38,-15.86,-15.87,-20.92,-22.49,-17.00,-16.31,-18.36,-18.34,-16.47,-16.52,-18.90,-22.55,-23.66,-24.01,-20.89,-15.54,-12.73,-12.62,-15.56,-23.89,-25.07,-19.11,-18.02,-18.73,-19.24,-18.57,-17.77,-18.46,-23.33,-26.64,-15.83,-11.88,-11.09,-12.81,-15.31,-14.04,-12.55,-13.32,-15.77,-17.66,-19.78,-27.05,-19.14,-13.00,-10.62,-10.53,-12.36,-16.07,-20.19,-19.24,-17.16,-16.62,-17.43,-19.40,-22.27,-24.97,-25.29,-23.55,-22.59,-24.03,-25.80,-19.25,-14.18,-11.58,-10.95,-12.33,-16.66,-30.88,-20.93,-15.20,-13.27,-13.21,-14.57,-17.02,-19.57,-19.53,-16.61,-14.05,-13.38,-15.51,-23.57,-21.95,-15.07,-13.56,-14.91,-18.08,-21.55,-25.35,-30.76,-34.56,-39.26,-24.32,-19.74,-19.82,-26.09,-29.50,-19.89,-18.17,-20.66,-31.42,-24.98,-18.28,-16.01,-16.01,-18.28,-25.51,-27.93,-17.95,-14.63,-13.98,-15.04,-16.40,-16.46,-16.34,-17.48,-19.96,-22.79,-25.69,-28.84,-26.17,-22.43,-20.77,-20.38,-20.23,-20.41,-21.98,-25.91,-28.18,-25.14,-24.73,-27.29,-29.01,-27.21,-26.67,-26.85,-26.33,-25.72,-24.39,-22.66,-22.46,-25.09,-33.68,-34.24,-26.51,-24.25,-24.38,-25.80,-25.60,-23.62,-22.91,-24.17,-27.18,-30.73,-33.16,-34.25,-32.25,-28.08,-24.45,-22.25,-21.64,-22.39,-23.86,-25.79,-28.86,-33.68,-34.09,-28.80,-24.58,-21.50,-19.68,-19.09
ARG009,X3SY2R42.DTA,R,false,84.2,-56.12,-40.45,-45.03,-30.91,-24.04,-16.73,-9.99,-5.00,-1.21,1.58,3.20,3.31,1.20,-5.60,-12.60,-1.77,0.07,-1.97,-8.04,-10.65,-7.31,-9.50,-18.30,-8.58,-4.29,-3.58,-5.54,-10.46,-18.39,-14.44,-9.85,-7.86,-8.22,-11.05,-15.68,-18.53,-24.52,-17.73,-9.84,-6.87,-6.66,-8.94,-14.52,-10.79,-4.78,-2.52,-3.35,-8.26,-14.94,-7.68,-7.11,-14.55,-13.96,-6.00,-5.05,-8.89,-20.06,-10.29,-7.58,-9.41,-16.41,-13.94,-8.39,-6.40,-6.06,-6.53,-7.77,-10.64,-17.73,-24.15,-13.74,-10.44,-9.26,-9.15,-9.36,-9.31,-9.19,-9.49,-10.41,-11.88,-14.00,-17.58,-20.21,-14.64,-10.85,-9.62,-10.65,-13.90,-15.93,-13.03,-11.12,-10.07,-8.63,-7.73,-8.79,-12.48,-15.25,-12.58,-11.44,-11.35,-10.53,-10.07,-11.34,-14.52,-17.26,-17.27,-17.25,-14.18,-10.72,-9.71,-11.47,-16.10,-18.36,-15.15,-11.58,-8.34,-6.81,-7.61,-11.79,-25.81,-14.34,-9.67,-8.58,-9.25,-9.70,-7.76,-5.44,-4.36,-4.88,-7.27,-12.15,-17.79,-15.73,-14.34,-14.64,-14.70,-14.81,-16.83,-19.79,-16.32,-13.00,-12.35,-14.19,-17.03,-15.26,-12.85,-12.65,-14.09,-15.23,-16.18,-20.07,-20.67,-14.23,-12.07,-13.48,-18.82,-21.62,-17.60,-17.48,-21.05,-28.69,-21.36,-16.11,-14.22,-14.80,-17.48,-20.15,-20.50,-22.03,-24.03,-19.78,-17.12,-18.38,-25.01,-21.66,-17.48,-18.58,-25.61,-21.73,-17.61,-18.47,-23.06,-22.43,-19.17,-19.44,-23.55,-30.27,-22.61,-17.74,-15.31,-14.58,-15.49,-18.46,-23.91,-27.12,-25.62,-25.97,-26.18,-24.10,-22.67,-22.92,-25.07,-31.87,-32.98,-21.76,-16.88,-14.35,-13.42,-13.68,-14.71,-16.32,-18.12,-18.14,-16.75,-17.11,-21.85,-27.07,-17.81,-15.69,-18.76,-41.45,-17.95,-13.76,-13.69,-16.65,-21.24,-20.14,-17.90,-17.42,-18.23,-20.19,-23.27,-27.29,-38.77,-27.43,-19.14,-15.53,-14.63,-16.41,-22.45,-32.70,-22.17,-20.56,-23.46,-34.17,-31.95,-27.04,-27.58,-27.89,-24.68,-22.23,-20.03,-17.21,-15.32,-15.66,-19.81,-45.09
ARG009,X3SY2R43.DTA,R,false,84.5,-40.93,-39.01,-31.60,-39.97,-23.86,-15.30,-11.95,-13.42,-38.71,-10.04,-4.71,-3.40,-4.45,-6.57,-7.77,-7.23,-6.27,-6.76,-7.52,-4.49,-2.08,-2.68,-7.38,-11.48,-5.67,-4.06,-5.27,-8.18,-12.40,-17.87,-14.01,-10.64,-10.97,-15.16,-18.90,-13.96,-11.86,-12.15,-14.40,-19.22,-24.00,-17.34,-14.25,-14.27,-14.33,-11.22,-8.66,-8.41,-10.78,-17.03,-29.62,-15.65,-11.00,-8.92,-8.63,-9.83,-12.03,-14.38,-14.41,-13.25,-14.81,-21.70,-14.94,-10.47,-11.02,-19.67,-15.46,-7.74,-5.75,-7.02,-11.78,-13.97,-9.09,-7.47,-8.71,-13.04,-23.26,-17.16,-10.93,-8.10,-7.64,-9.88,-16.68,-32.00,-22.55,-26.20,-13.53,-8.46,-7.03,-8.09,-11.04,-14.39,-15.30,-14.64,-15.32,-18.11,-16.87,-13.93,-15.11,-20.50,-12.84,-8.17,-7.04,-8.61,-12.99,-18.64,-16.57,-14.06,-12.68,-11.81,-11.76,-12.66,-14.02,-15.69,-18.55,-16.90,-12.06,-10.17,-11.50,-17.03,-19.09,-14.12,-13.46,-14.64,-13.13,-10.34,-8.88,-8.77,-9.98,-12.71,-16.42,-16.67,-14.33,-13.23,-13.91,-17.27,-28.62,-23.12,-18.05,-18.83,-24.40,-26.52,-20.61,-16.26,-13.07,-11.71,-12.37,-15.07,-19.89,-25.19,-22.00,-18.06,-16.47,-16.83,-18.71,-21.42,-22.72,-21.82,-22.07,-24.95,-29.73,-26.74,-22.33,-19.87,-19.39,-20.75,-22.17,-22.50,-24.91,-30.76,-25.50,-22.73,-22.04,-18.63,-15.52,-14.64,-16.03,-19.56,-22.89,-21.68,-20.22,-20.28,-21.30,-21.56,-20.96,-21.17,-22.25,-22.85,-22.25,-20.38,-17.77,-15.74,-14.87,-15.17,-16.09,-16.58,-17.00,-19.77,-34.04,-20.93,-14.64,-12.63,-13.10,-15.75,-20.79,-28.14,-33.50,-36.38,-32.72,-30.99,-30.02,-24.64,-20.82,-19.21,-19.69,-24.01,-31.69,-17.48,-12.73,-11.43,-13.01,-18.70,-30.13,-19.87,-18.24,-20.56,-25.97,-33.56,-30.11,-22.98,-20.14,-20.97,-27.46,-32.97,-22.71,-21.30,-22.22,-18.70,-14.90,-13.52,-14.55,-18.24,-22.97,-21.41,-20.35,-22.52,-28.35,-26.86,-22.48,-22.11,-26.27,-38.42,-26.77,-24.82,-27.48,-29.56,-28.41
ARG009,X3SY2R45.DTA,L,false,84.2,-37.50,-37.08,-42.10,-31.08,-26.26,-23.64,-18.41,-12.60,-9.11,-8.30,-10.64,-19.56,-17.61,-11.29,-11.41,-16.49,-12.04,-6.57,-5.10,-7.50,-20.10,-10.34,-4.70,-4.00,-6.80,-13.28,-14.46,-14.21,-16.64,-10.27,-6.46,-5.69,-7.12,-10.26,-14.65,-19.07,-19.36,-17.38,-18.31,-27.68,-20.04,-13.56,-12.31,-14.83,-23.29,-25.57,-21.25,-26.45,-19.48,-11.45,-7.67,-6.42,-7.51,-11.56,-17.81,-13.32,-10.61,-11.04,-13.68,-16.80,-18.65,-19.89,-15.03,-10.61,-9.13,-10.77,-17.19,-17.56,-11.45,-10.39,-12.89,-16.84,-12.97,-9.70,-8.97,-10.29,-13.75,-20.44,-25.53,-19.23,-16.30,-15.35,-15.89,-18.67,-27.21,-20.12,-14.02,-12.44,-14.14,-16.21,-12.80,-11.03,-12.93,-17.42,-13.74,-11.21,-12.62,-17.33,-17.31,-16.17,-19.78,-18.28,-13.41,-12.57,-14.95,-18.07,-16.40,-15.19,-16.54,-20.74,-29.85,-27.31,-22.23,-21.14,-22.85,-27.92,-34.04,-28.92,-24.08,-19.62,-16.67,-15.86,-17.68,-22.96,-23.34,-19.29,-19.29,-23.45,-25.40,-20.33,-18.88,-20.84,-26.63,-22.27,-16.94,-15.23,-16.40,-21.20,-37.90,-28.26,-25.76,-26.28,-22.24,-18.39,-16.49,-16.22,-17.27,-18.78,-19.47,-20.36,-23.75,-33.26,-30.56,-28.18,-36.99,-29.71,-22.16,-19.98,-20.99,-25.71,-41.09,-33.35,-31.82,-36.32,-32.45,-29.30,-29.28,-29.99,-29.35,-27.24,-26.19,-29.31,-42.53,-24.52,-20.04,-19.34,-21.54,-26.67,-29.88,-26.03,-22.60,-20.57,-20.24,-21.18,-21.62,-21.36,-22.53,-25.05,-22.88,-19.74,-19.23,-21.71,-28.68,-33.68,-29.55,-33.06,-36.52,-29.52,-28.84,-30.82,-29.22,-27.58,-28.91,-31.73,-31.74,-31.92,-34.45,-33.87,-29.78,-27.23,-26.98,-30.65,-53.05,-28.08,-23.20,-21.57,-21.59,-22.25,-22.72,-22.94,-23.38,-24.23,-25.10,-25.38,-25.46,-26.00,-26.35,-24.66,-21.73,-19.43,-18.44,-19.05,-21.52,-25.16,-25.87,-25.22,-26.54,-27.50,-25.78,-25.79,-30.32,-36.14,-26.95,-24.57,-26.18,-31.71,-33.98,-31.51,-32.80,-33.16,-30.88,-31.71,-37.92,-38.32,-33.60,-34.54,-37.63