population,frequency,SNR_median,variance,variance_smoothed,slope,intercept,equation
18-25,0.0,12.741673828699362,616.306828368928,4.680256718722873,-0.040707098302973824,12.741673828699362,y = -0.040707x + 12.741674
18-25,39.06,11.244240862479483,69.49157483675639,5.423225850114193,-0.035995846569531184,12.65023862948537,y = -0.035996x + 12.650239
18-25,78.12,9.927376106127014,93.49448370318844,6.030245497678213,-0.031461414233982146,12.385141786085699,y = -0.031461x + 12.385142
18-25,117.19,8.783608405965184,96.48686518506402,6.486118666694531,-0.027125249046649508,11.96241634174204,y = -0.027125x + 11.962416
18-25,156.25,7.805466608317239,95.98595622616804,6.786237049737422,-0.022987644060177427,11.397285992719961,y = -0.022988x + 11.397286
18-25,195.31,6.9854795595064205,82.57308302430245,6.934970526836112,-0.019029308849258703,10.702093870855137,y = -0.019029x + 10.702094
18-25,234.38,6.316176105855971,77.10432022065844,4.650442736084532,-0.015267289225525813,9.89452335453471,y = -0.015267x + 9.894523
18-25,273.44,5.790085093689125,70.97848655183707,2.9215113484802018,-0.011700079774713646,8.989354907286824,y = -0.011700x + 8.989355
18-25,312.5,5.399735369329135,62.996892249952325,1.6794008600754016,-0.008319545018694505,7.999593187671168,y = -0.008320x + 7.999593
18-25,351.56,5.137655779099231,67.13024294793122,0.8590197639816877,-0.00513151853682893,6.94169243590681,y = -0.005132x + 6.941692
18-25,390.62,4.996375169322664,69.53178196110522,0.3989605503698903,-0.002134426917436132,5.830125011811566,y = -0.002134x + 5.830125
18-25,429.69,4.968422386322669,76.41361739764886,0.24149970647011515,0.0006714478798295683,4.679907946838702,y = 0.000671x + 4.679908
18-25,468.75,5.046326276422492,75.27663829719332,0.3325977165717421,0.003286022232548644,3.5060033549153147,y = 0.003286x + 3.506003
18-25,507.81,5.222615685945372,70.41106188909794,0.6218990620234285,0.005707758091873206,2.324159049311239,y = 0.005708x + 2.324159
18-25,546.88,5.489819461214548,76.1263929741156,1.0627322212331038,0.007939851821307279,1.1476732971780237,y = 0.007940x + 1.147673
18-25,585.94,5.840466448553267,90.5408906668849,1.6121096696679742,0.00998183138402481,-0.008287832602230871,y = 0.009982x + -0.008288
18-25,625.0,6.2670854942847685,96.31510316558922,2.230727879854519,0.011830674644914524,-1.1270861587868088,y = 0.011831x + -1.127086
18-25,664.06,6.76220544473229,88.068015785124,2.8829673213784988,0.013489555764352786,-2.1956689561438214,y = 0.013490x + -2.195669
18-25,703.12,7.318355146219077,91.83901810544688,3.5368924608849377,0.014953779097544435,-3.195946012846366,y = 0.014954x + -3.195946
18-25,742.19,7.9280634450683705,99.62287392657456,4.164251762078143,0.01622679261995435,-4.1152997695355475,y = 0.016227x + -4.115300
18-25,781.25,8.583859187603414,90.16663681777274,4.74047768572071,0.017324146790100727,-4.950630492162778,y = 0.017324x + -4.950630
18-25,820.31,9.278271220147436,94.62375560237842,4.9982767615927655,0.018179214311737156,-5.634320071913669,y = 0.018179x + -5.634320
18-25,859.38,10.003828389023703,107.66200407822599,5.117932760115444,0.019005258127394342,-6.328910340496446,y = 0.019005x + -6.328910
18-25,898.44,10.75305954055543,100.50826454381792,5.262514941119447,0.01905660457218679,-6.368156271280071,y = 0.019057x + -6.368156
18-25,937.5,11.51849352106587,97.01589424897044,5.390170103681288,0.021102051083256933,-8.264679369487503,y = 0.021102x + -8.264679
18-25,976.56,12.29265917687687,85.4262999721791,5.443421606007516,0.014784011088751672,-2.1448146919544637,y = 0.014784x + -2.144815
18-25,1015.62,12.713317175925491,82.42051160788803,5.373903729035346,0.011530234428066718,1.0029804860923708,y = 0.011530x + 1.002980
18-25,1054.69,13.34918797707607,88.54979110629246,5.148964901684116,0.020227739032791455,-7.984806103418752,y = 0.020228x + -7.984806
18-25,1093.75,14.199456499579306,92.68279507868962,4.782627494670462,0.0216899233664502,-9.5238971824756,y = 0.021690x + -9.523897
18-25,1132.81,14.988752406621286,99.486712798189,4.316249450948957,0.01893917499335969,-6.4657344176065035,y = 0.018939x + -6.465734
18-25,1171.88,15.683641985094102,96.23448442107846,3.7851112941892007,0.01653272686787119,-3.6907299768267876,y = 0.016533x + -3.690730
18-25,1210.94,16.272820562185238,81.63299471728992,3.228737477913269,0.013538657190574538,-0.12168097616909179,y = 0.013539x + -0.121681
18-25,1250.0,16.74541008856178,81.23805495022238,2.4591837655048487,0.010861653852755334,3.1683427726176117,y = 0.010862x + 3.168343
18-25,1289.06,17.134399759901974,83.9550373763741,1.6759286198434016,0.009188244888168667,5.290200804359273,y = 0.009188x + 5.290201
18-25,1328.12,17.461879657521358,89.0827654542727,1.0654753108889718,0.007413751307287095,7.615528271287223,y = 0.007414x + 7.615528
18-25,1367.19,17.705488912544094,80.74410084744837,0.62695143640166,0.005014705978866109,10.849433045298138,y = 0.005015x + 10.849433
18-25,1406.25,17.858658746515395,90.3416147876606,0.33553096279810773,0.002996897123888723,13.644272166046878,y = 0.002997x + 13.644272
18-25,1445.31,17.9501785997397,95.64556724545177,0.16080765278389164,0.0017910762779295864,15.36151814448529,y = 0.001791x + 15.361518
18-25,1484.38,17.99735860381679,90.08856336606397,0.0696766157800863,0.0004908163477478156,17.268800633546885,y = 0.000491x + 17.268801
18-25,1523.44,17.987654193750874,84.04153172217227,0.04068302255290771,-0.0008771768782418881,19.323980537139697,y = -0.000877x + 19.323981
18-25,1562.5,17.93159516636635,82.86870648037525,0.05769381044372501,-0.0020330640921103144,21.108257810288716,y = -0.002033x + 21.108258
18-25,1601.56,17.83629810414525,78.43148023811467,0.10397679673038485,-0.00261545842809626,22.025111704247095,y = -0.002615x + 22.025112
18-25,1640.62,17.730076105911998,77.6410304874124,0.16575811048954256,-0.0029827566082815888,22.623646252590937,y = -0.002983x + 22.623646
18-25,1679.69,17.599200887900277,81.64052080408048,0.23085632422874855,-0.003661065826480045,23.748656545980545,y = -0.003661x + 23.748657
18-25,1718.75,17.442657138324993,84.01463193192043,0.29780093270344854,-0.004445662247698035,25.08363912655599,y = -0.004446x + 25.083639
18-25,1757.81,17.252456794036366,91.00419323595993,0.3636729772016989,-0.005187936017129722,26.37186260430716,y = -0.005188x + 26.371863
18-25,1796.88,17.04311705814203,79.19846316668044,0.4183465616825181,-0.0054850659409544575,26.899122346124276,y = -0.005485x + 26.899122
18-25,1835.94,16.83291897891036,75.1726521345771,0.45976751858815323,-0.005090272869666247,26.17835455124541,y = -0.005090x + 26.178355
18-25,1875.0,16.635717117033558,87.68496438398388,0.48371210580986485,-0.005444160637866932,26.843518313034053,y = -0.005444x + 26.843518
18-25,1914.06,16.399980180749637,94.7672646834683,0.4922530036637179,-0.0063849123945895914,28.62108559873779,y = -0.006385x + 28.621086
18-25,1953.12,16.157278420800395,83.77078122057661,0.48989462976656634,-0.005762633426874676,27.412393019497863,y = -0.005763x + 27.412393
18-25,1992.19,15.950734784477975,85.31710579057894,0.4801427292212246,-0.005064935332672193,26.04104830487419,y = -0.005065x + 26.041048
18-25,2031.25,15.75374481868035,88.16063936066332,0.46199430840892425,-0.004966937612936071,25.842836844956743,y = -0.004967x + 25.842837
18-25,2070.31,15.561999365782238,76.68976586204079,0.4329800513983679,-0.004924105206039519,25.756423614897912,y = -0.004924x + 25.756424
18-25,2109.38,15.364871684521077,75.37161739192102,0.3921259787481314,-0.005200112016913711,26.33388397075852,y = -0.005200x + 26.333884
18-25,2148.44,15.159267933586767,77.62779260862442,0.3564889813521997,-0.005203373234339553,26.338403125171236,y = -0.005203x + 26.338403
18-25,2187.5,14.966393123285307,73.5564871955377,0.32880235177306705,-0.004591507275817856,25.01031528913687,y = -0.004592x + 25.010315
18-25,2226.56,14.802563931231152,75.47599359026813,0.30410239686719237,-0.0038272184270290895,23.32409539211704,y = -0.003827x + 23.324095
18-25,2265.62,14.664795465354244,82.50560788697055,0.2820434691241884,-0.003263801652860302,22.059329766107602,y = -0.003264x + 22.059330
18-25,2304.69,14.534480395930263,85.17572300029997,0.2623676493866355,-0.0037052044514914034,23.073828043237988,y = -0.003705x + 23.073828
18-25,2343.75,14.377025187431785,81.69158104792297,0.24330353338172736,-0.004015161612367384,23.78756021641784,y = -0.004015x + 23.787560
18-25,2382.81,14.227733583997987,83.1742642424242,0.23103770250375813,-0.003793812073868312,23.267666931732137,y = -0.003794x + 23.267667
18-25,2421.88,14.076831525061214,80.73979955295523,0.22663780529649852,-0.003862937557850267,23.43240273766762,y = -0.003863x + 23.432403
18-25,2460.94,13.926221998231629,78.02927057605766,0.2237949007214647,-0.003909025848216017,23.546100069140355,y = -0.003909x + 23.546100
18-25,2500.0,13.779456273073666,76.53277271254404,0.21933785611649892,-0.0033408401543197786,22.131556658873112,y = -0.003341x + 22.131557
18-25,2539.06,13.661170241679987,83.6916192872924,0.21691123417759997,-0.0030848913034482663,21.493894354613342,y = -0.003085x + 21.493894
18-25,2578.12,13.526712383064858,74.34573413114038,0.2125460488529706,-0.003731567750843526,23.14714183286957,y = -0.003732x + 23.147142
18-25,2617.19,13.379504292281394,81.67162683713818,0.20466048915335514,-0.003619216701402665,22.851682051025435,y = -0.003619x + 22.851682
18-25,2656.25,13.248342997574841,78.3660201020102,0.19555901582222027,-0.0031687233829365115,21.66526448349995,y = -0.003169x + 21.665264
18-25,2695.31,13.11432127567856,72.70976240133099,0.18906251146153516,-0.004073248952936957,24.092989911019068,y = -0.004073x + 24.092990
18-25,2734.38,12.945785295248672,79.45030286037691,0.18642133804226635,-0.0037726248721308402,23.2615752931058,y = -0.003773x + 23.261575
18-25,2773.44,12.831254275293528,87.64877596268717,0.18277044830528627,-0.00257353696445403,19.968804633988913,y = -0.002574x + 19.968805
18-25,2812.5,12.728025210082551,88.94989178436033,0.178803314019437,-0.0026582722136873497,20.20441581107822,y = -0.002658x + 20.204416
18-25,2851.56,12.620051643297362,85.59879577912334,0.1789618372958015,-0.0030147744877218018,21.216861981505343,y = -0.003015x + 21.216862
18-25,2890.62,12.490475888467136,82.20753305430546,0.18172127951312358,-0.0035275854126464046,22.687384833971088,y = -0.003528x + 22.687385
18-25,2929.69,12.349996828918814,70.8239418228187,0.18401231819927877,-0.0036136293052234387,22.93681046813887,y = -0.003614x + 22.936810
18-25,2968.75,12.213464064869806,79.24749140877722,0.19364443266242168,-0.0032909973382812896,21.983612412892384,y = -0.003291x + 21.983612
18-25,3007.81,12.087860653694037,73.67191481439059,0.20929567806303204,-0.00335572813310897,22.18125328974053,y = -0.003356x + 22.181253
18-25,3046.88,11.94519558766764,77.06281435234429,0.2289267314726669,-0.003887532293296187,23.790039981465927,y = -0.003888x + 23.790040
18-25,3085.94,11.79604260572016,83.98322958323111,0.24594592511588012,-0.003504443766976384,22.610545803983264,y = -0.003504x + 22.610546
18-25,3125.0,11.669862171282249,80.21881104137687,0.2610066111240653,-0.0032416524226224694,21.800025991977463,y = -0.003242x + 21.800026
18-25,3164.06,11.526032526216692,73.33803974033768,0.2780762133397394,-0.004267047886886058,25.02722806319739,y = -0.004267x + 25.027228
18-25,3203.12,11.338791705360068,72.71991754657284,0.2925436774480555,-0.005117995194363489,27.732344472329643,y = -0.005118x + 27.732344
18-25,3242.19,11.143267910936663,80.04844484330246,0.30030027103640405,-0.004655300372093994,26.236636224336088,y = -0.004655x + 26.236636
18-25,3281.25,10.978127024393384,88.3285338352016,0.30104811665469516,-0.0039576303387431795,23.964101573394444,y = -0.003958x + 23.964102
18-25,3320.31,10.820074067361535,92.69337774650192,0.29379208336707724,-0.004337054123557537,25.22043824435086,y = -0.004337x + 25.220438
18-25,3359.38,10.643703821149867,81.18994643782555,0.2760743039105566,-0.0043759058151982,25.344034298610396,y = -0.004376x + 25.344034
18-25,3398.44,10.484293755236722,78.38122457545755,0.25181670587119603,-0.003945317840916845,23.892219718522163,y = -0.003945x + 23.892220
18-25,3437.5,10.332607760083963,76.79665121675804,0.23086396727937264,-0.003736529508223777,23.176927944603197,y = -0.003737x + 23.176928
18-25,3476.56,10.196660400007874,84.58680835610839,0.21635020909642028,-0.0032002196737186267,21.322416108871103,y = -0.003200x + 21.322416
18-25,3515.62,10.077074339168455,70.41328493794829,0.20287088505290032,-0.003088814601472252,20.936172728396333,y = -0.003089x + 20.936173
18-25,3554.69,9.95169686742506,76.90868818072707,0.18877610400196654,-0.0032564112142605033,21.52722924664473,y = -0.003256x + 21.527229
18-25,3593.75,9.824000543612526,73.84557614161419,0.17817464335135627,-0.0033203807943016374,21.756619023134036,y = -0.003320x + 21.756619
18-25,3632.81,9.691417132889763,73.9030342710635,0.16661660925652977,-0.0034528286296770876,22.234887507066983,y = -0.003453x + 22.234888
18-25,3671.88,9.5573300641,76.36822003327613,0.15704792243958327,-0.003347261410823918,21.84807229327613,y = -0.003347x + 21.848072
18-25,3710.94,9.433646288703061,78.84593675285703,0.14736948059112168,-0.0029535196915301066,20.393980652789793,y = -0.002954x + 20.393981
18-25,3750.0,9.3218998165293,78.87220524234242,0.13598041009583142,-0.002920860097302939,20.27512518141532,y = -0.002921x + 20.275125
18-25,3789.06,9.211866633444759,82.47768429097457,0.1251217718551004,-0.0023968076042275685,18.29351445431927,y = -0.002397x + 18.293514
18-25,3828.12,9.12916645903538,83.64204744183509,0.1159914826720976,-0.0022947787249511264,17.913854791595284,y = -0.002295x + 17.913855
18-25,3867.19,9.026959500780396,85.67985006136976,0.11262531603362771,-0.0026236825206949212,19.173238307986587,y = -0.002624x + 19.173238
18-25,3906.25,8.932572198689757,78.50155239233017,0.11411262420805461,-0.002307809254372005,17.9474520985804,y = -0.002308x + 17.947452
18-25,3945.31,8.840335228429964,87.5034817870878,0.11983040390244995,-0.002478741932664205,18.619740562789378,y = -0.002479x + 18.619741
18-25,3984.38,8.740782237422255,81.13441686414099,0.1280485503115461,-0.002505631396388608,18.724169860565098,y = -0.002506x + 18.724170
18-25,4023.44,8.637867335612485,82.51232038949352,0.13970286485909741,-0.0030472653761466242,20.89835674061586,y = -0.003047x + 20.898357
18-25,4062.5,8.506312374005216,85.27721841556888,0.1513804340343076,-0.003313745149488699,21.968402043803053,y = -0.003314x + 21.968402
18-25,4101.56,8.38499614940218,80.19686814745097,0.16707364092417504,-0.0031195041188559008,21.17982946313679,y = -0.003120x + 21.179829
18-25,4140.62,8.259345285282963,82.19679398876256,0.18170677518865447,-0.0031765247592853677,21.412127234075143,y = -0.003177x + 21.412127
18-25,4179.69,8.135917461323205,83.08667745901866,0.1962308304224088,-0.003302483642990532,21.9392753190943,y = -0.003302x + 21.939275
18-25,4218.75,8.001102742983054,79.78909475411179,0.20959654663584854,-0.003445488756251297,22.536758433418214,y = -0.003445x + 22.536758
18-25,4257.81,7.862649210626731,86.12932579330652,0.22049751461620634,-0.003903906239567294,24.484740236518753,y = -0.003904x + 24.484740
18-25,4296.88,7.703028154657193,69.67152153833561,0.23667556107149568,-0.0038291834090167223,24.15656976119297,y = -0.003829x + 24.156570
18-25,4335.94,7.564257967336998,72.73520813026761,0.2569961565386996,-0.003693958780278192,23.581041601096423,y = -0.003694x + 23.581042
18-25,4375.0,7.407420326620353,80.15303780596244,0.2764437567766156,-0.004099115727692263,25.341051635274003,y = -0.004099x + 25.341052
18-25,4414.06,7.2529784366568375,79.02766614843303,0.29071327090234544,-0.0038173763642643556,24.103106751101564,y = -0.003817x + 24.103107
18-25,4453.12,7.09977372080825,75.31688694351261,0.3012179397001213,-0.004260150383000205,26.070734594354125,y = -0.004260x + 26.070735
18-25,4492.19,6.9160746562768,80.76729883124675,0.3123123149470763,-0.005014131149361106,29.44050446412526,y = -0.005014x + 29.440504
18-25,4531.25,6.721168656140919,76.08989438643863,0.3223517415908344,-0.00475849066374056,28.283079476215327,y = -0.004758x + 28.283079
18-25,4570.31,6.548489999772734,74.11039430733987,0.3311775357191351,-0.004184214682931883,25.671648207323152,y = -0.004184x + 25.671648
18-25,4609.38,6.389588665654198,74.74373821782193,0.34248701660766423,-0.0039685347611590266,24.68207342304539,y = -0.003969x + 24.682073
18-25,4648.44,6.22685621418306,80.6975923475984,0.35667427164829296,-0.004641557798789867,27.802859148389828,y = -0.004642x + 27.802859
18-25,4687.5,6.036451788261772,83.104250194474,0.3693498293821028,-0.004587882076893901,27.54214902370193,y = -0.004588x + 27.542149
18-25,4726.56,5.8693584226136455,81.1717007590759,0.3861786805694374,-0.004464501571776741,26.971092971710718,y = -0.004465x + 26.971093
18-25,4765.62,5.677907766879676,82.19697071161657,0.4086444055884201,-0.005092054906513573,29.94470647045889,y = -0.005092x + 29.944706
18-25,4804.69,5.4759018324304485,86.23047341706898,0.4311273123592464,-0.005382722150191309,31.338213120233128,y = -0.005383x + 31.338213
18-25,4843.75,5.260992094950575,89.245717184082,0.4486968938263347,-0.005394347028817457,31.38986051578513,y = -0.005394x + 31.389861
18-25,4882.81,5.056543749574714,84.83251591659177,0.4554477457054299,-0.005248651858634924,30.684713531435907,y = -0.005249x + 30.684714
18-25,4921.88,4.847104011415323,86.63498669967005,0.458790400049973,-0.005395519208827797,31.40320209496068,y = -0.005396x + 31.403202
18-25,4960.94,4.63803959319523,80.76775344325347,0.45468549659769264,-0.005308319653873866,30.972294896884247,y = -0.005308x + 30.972295
18-25,5000.0,4.430491970372538,81.16936252025211,0.44690577408673865,-0.005369054790329963,31.27576592202235,y = -0.005369x + 31.275766
18-25,5039.06,4.225053568596758,91.04187501977472,0.43469682615287575,-0.0049348179127991915,29.09189712026665,y = -0.004935x + 29.091897
18-25,5078.12,4.042713424992167,84.56510982625527,0.4193478970725633,-0.004674971974784456,27.78278210958461,y = -0.004675x + 27.782782
18-25,5117.19,3.8515408050007975,86.46961283282863,0.39640965525996374,-0.005049080592940035,29.688645524387614,y = -0.005049x + 29.688646
18-25,5156.25,3.6522656232299986,82.44686825628023,0.36451782074784594,-0.005113281987345751,30.017625870481528,y = -0.005113x + 30.017626
18-25,5195.31,3.4567496432531257,86.10479357963074,0.3299377538527365,-0.00481969328161456,28.496550346158067,y = -0.004820x + 28.496550
18-25,5234.38,3.277485786767155,85.98346632326866,0.29378365379567395,-0.004389422110285552,26.253389092403644,y = -0.004389x + 26.253389
18-25,5273.44,3.113216267638768,81.63456048904897,0.25912656089382313,-0.004004103587459876,24.228616289893175,y = -0.004004x + 24.228616
25-35,0.0,12.070038418850833,639.5006364592696,4.478521511851985,-0.039428921333906616,12.070038418850833,y = -0.039429x + 12.070038
25-35,39.06,10.617103047895482,61.493667933050936,5.2145968264370675,-0.03499316335501253,11.98393600854227,y = -0.034993x + 11.983936
25-35,78.12,9.334260725480299,82.56575842194657,5.828360506909012,-0.030719599852075265,11.734075865924417,y = -0.030720x + 11.734076
25-35,117.19,8.214622707718764,91.9366403801088,6.303771761467042,-0.02662926329734905,11.335306073535099,y = -0.026629x + 11.335306
25-35,156.25,7.251300250724354,87.59724176939775,6.634452492290794,-0.02272242982516633,10.801679910906593,y = -0.022722x + 10.801680
25-35,195.31,6.437404610610541,78.77110074860808,6.8222767569436815,-0.018980103201388564,10.144408566873741,y = -0.018980x + 10.144409
25-35,234.38,5.766047043490803,72.97446812504027,4.662481467577843,-0.015419174869593964,9.379993249426237,y = -0.015419x + 9.379993
25-35,273.44,5.230338805478615,72.88771177154774,3.0041893351330695,-0.012038143482250989,8.522048759265326,y = -0.012038x + 8.522049
25-35,312.5,4.823391152687452,69.68125664072406,1.7872924376407375,-0.008828857253886751,7.582409044527061,y = -0.008829x + 7.582409
25-35,351.56,4.53831534123079,67.35963346763273,0.9548148694262764,-0.005797231207872088,6.576389944670302,y = -0.005797x + 6.576390
25-35,390.62,4.368222627222108,75.49782380130299,0.4529127411091687,-0.0029413980578925202,5.517191536596084,y = -0.002941x + 5.517192
25-35,429.69,4.30622426677488,72.83382695052991,0.23087417960294782,-0.0002620474530114534,4.4188234368593715,y = -0.000262x + 4.418823
25-35,468.75,4.345431516002579,75.61989190914369,0.24111932811520004,0.0022406687531471062,3.2951180379648726,y = 0.002241x + 3.295118
25-35,507.81,4.478955631018688,79.18963112570667,0.4392003461475632,0.004565990277889152,2.160300108003798,y = 0.004566x + 2.160300
25-35,546.88,4.699907867936677,77.10514657085115,0.7838014094957296,0.006716266798108923,1.026915881386869,y = 0.006716x + 1.026916
25-35,585.94,5.001399482870018,84.8247961565584,1.236738710249437,0.008691119197947222,-0.09107489997517781,y = 0.008691x + -0.091075
25-35,625.0,5.376541731932199,91.15782327779336,1.7629604567924848,0.010488063168590814,-1.17849774843706,y = 0.010488x + -1.178498
25-35,664.06,5.818445871236689,91.42011572076629,2.330546873802717,0.012109806957694959,-2.2231925370902257,y = 0.012110x + -2.223193
25-35,703.12,6.320223156896958,89.14454299808642,2.9107102022520346,0.013552081117738347,-3.2085161186072284,y = 0.013552x + -3.208516
25-35,742.19,6.8749848450264945,91.17640472728054,3.4777946994063895,0.014818176715452103,-4.122917731414903,y = 0.014818x + -4.122918
25-35,781.25,7.475842191738759,90.7465658876013,4.009276638824987,0.015921679941086633,-4.9629702622351735,y = 0.015922x + -4.962970
25-35,820.31,8.115906453147243,87.16826143121276,4.283311556028065,0.016803982792148325,-5.668568671079948,y = 0.016804x + -5.668569
25-35,859.38,8.78828888536541,82.34680531571802,4.434813689314866,0.01765143381248508,-6.381000304408017,y = 0.017651x + -6.381000
25-35,898.44,9.48610074450675,77.3885739982371,4.596175006462474,0.01781484315093388,-6.519466936018286,y = 0.017815x + -6.519467
25-35,937.5,10.202453286684726,89.18439901489914,4.7351610543013605,0.01970397095085428,-8.270019479741158,y = 0.019704x + -8.270019
25-35,976.56,10.930457768011596,95.49313341796902,4.789711806865412,0.014302992208847884,-3.0372723034608917,y = 0.014303x + -3.037272
25-35,1015.62,11.351172619990066,93.5891444213445,4.718780122000261,0.011311351558250513,-0.13686224960031979,y = 0.011311x + -0.136862
25-35,1054.69,11.94976556660261,87.6651754638488,4.530955271769761,0.018726502668559426,-7.800889532900333,y = 0.018727x + -7.800890
25-35,1093.75,12.737140818590099,93.94132476877435,4.255458504521641,0.02022075783744519,-9.379313066115575,y = 0.020221x + -9.379313
25-35,1132.81,13.475855851773105,85.64521989293318,3.909891787782178,0.01760170140182072,-6.463527513223426,y = 0.017602x + -6.463528
25-35,1171.88,14.110543840175945,88.91198353471054,3.5191664133423037,0.01484439881343227,-3.2853102413090642,y = 0.014844x + -3.285310
25-35,1210.94,14.644858773696454,90.27601586395215,3.1109380682380756,0.012793027482896433,-0.8467299264421531,y = 0.012793x + -0.846730
25-35,1250.0,15.124635439079531,86.43188993034192,2.5127039900938377,0.011870710832830693,0.2862468980411652,y = 0.011871x + 0.286247
25-35,1289.06,15.567269700331153,81.55119558790008,1.8726680915262146,0.010569822475696437,1.942134339809904,y = 0.010570x + 1.942134
25-35,1328.12,15.944123536205083,80.07597086878921,1.3469909063183552,0.008790713329325947,4.269001349260707,y = 0.008791x + 4.269001
25-35,1367.19,16.254547554869117,95.13919870186827,0.9415239092607612,0.007047742371658214,6.618944661761724,y = 0.007048x + 6.618945
25-35,1406.25,16.49445989716449,88.71727230193709,0.6318665245649112,0.005280509389045564,9.068743568819166,y = 0.005281x + 9.068744
25-35,1445.31,16.672924641552797,89.87024149764588,0.39296156932731247,0.003963636868141117,10.94424063965976,y = 0.003964x + 10.944241
25-35,1484.38,16.805632517155853,93.30390040053312,0.2194453710756486,0.0027620489180965116,12.705702344111753,y = 0.002762x + 12.705702
25-35,1523.44,16.88913882533949,87.68402580310884,0.10815856982179681,0.0015916910216159264,14.464293055368923,y = 0.001592x + 14.464293
25-35,1562.5,16.937223493168887,93.01331137466956,0.048107744937200415,0.0009780207906038558,15.409066007850361,y = 0.000978x + 15.409066
25-35,1601.56,16.961759949260756,80.7024848102682,0.026272899175401897,7.388510331617689e-05,16.8434285231937,y = 0.000074x + 16.843429
25-35,1640.62,16.940950644406733,87.21631858985648,0.03178898120298366,-0.0009872976679358727,18.560730944375685,y = -0.000987x + 18.560731
25-35,1679.69,16.884268046839416,86.88768390062997,0.05731390552937478,-0.0020752617345006813,20.370064429662865,y = -0.002075x + 20.370064
25-35,1718.75,16.78186844548945,86.33972870100835,0.09925217386269614,-0.0029290369915062923,21.81615077464089,y = -0.002929x + 21.816151
25-35,1757.81,16.668380257761548,92.89966518607696,0.15521273138836467,-0.0027898337002320436,21.572377834366435,y = -0.002790x + 21.572378
25-35,1796.88,16.55598767808818,88.37178280115226,0.22175597492784543,-0.0032582252053943357,22.410627385157156,y = -0.003258x + 22.410627
25-35,1835.94,16.409657523384805,79.7850871046804,0.29231089302568625,-0.004046406860110662,23.838617734136374,y = -0.004046x + 23.838618
25-35,1875.0,16.24219370766986,78.12912774493145,0.36252961919139404,-0.004657066741130559,24.97419384728966,y = -0.004657x + 24.974194
25-35,1914.06,16.04341661192592,79.97602935458912,0.4227514988333653,-0.005454428437953988,26.48351990787613,y = -0.005454x + 26.483520
25-35,1953.12,15.820158327480092,91.23801513619847,0.4749358540792482,-0.005939611226697848,27.42093180656819,y = -0.005940x + 27.420932
25-35,1992.19,15.58370857776892,86.96920675832564,0.5152112859999356,-0.006090267483475587,27.71667855567415,y = -0.006090x + 27.716679
25-35,2031.25,15.34447665858617,85.8069391277707,0.5373514611310602,-0.006229351894648523,27.99784769459098,y = -0.006229x + 27.997848
25-35,2070.31,15.105130807038043,82.62365821641261,0.5379289108000002,-0.005749450186077614,27.008275021776388,y = -0.005749x + 27.008275
25-35,2109.38,14.893903825679482,84.50144893105153,0.5168554915752255,-0.005375070975877039,26.23197104077499,y = -0.005375x + 26.231971
25-35,2148.44,14.678611067066624,90.07278844688587,0.48367989383292187,-0.005504997931811896,26.505768823688577,y = -0.005505x + 26.505769
25-35,2187.5,14.465916781805381,88.18040380818265,0.44268374365295227,-0.005476446042965934,26.44564250079336,y = -0.005476x + 26.445643
25-35,2226.56,14.255578155788958,86.34204099133576,0.40136073807078476,-0.00508022490689786,25.567003724491457,y = -0.005080x + 25.567004
25-35,2265.62,14.074241545673232,80.49417712617976,0.3623013469858932,-0.004285237749730748,23.782961896218207,y = -0.004285x + 23.782962
25-35,2304.69,13.910239643025404,80.8744495792574,0.3286003195096815,-0.004299366271188612,23.81894609457109,y = -0.004299x + 23.818946
25-35,2343.75,13.741511019500535,83.85233513856342,0.3013886761347997,-0.00406948761381132,23.279372614370814,y = -0.004069x + 23.279373
25-35,2382.81,13.592985118574152,78.06957492378478,0.2788988902430778,-0.0037893902206669015,22.62238203028145,y = -0.003789x + 22.622382
25-35,2421.88,13.440944302247638,82.15085311160321,0.26167292591248303,-0.0038549023314512236,22.777055160742727,y = -0.003855x + 22.777055
25-35,2460.94,13.297201748622424,83.75433817921856,0.2523352641215483,-0.00350558346399578,21.9242323185082,y = -0.003506x + 21.924232
25-35,2500.0,13.15521212258335,83.0356278098596,0.24385298928652857,-0.004068399731481735,23.326211451287687,y = -0.004068x + 23.326211
25-35,2539.06,12.985425717455279,84.11847314363727,0.23798792489924972,-0.004166749343344942,23.565052305168685,y = -0.004167x + 23.565052
25-35,2578.12,12.839775079841761,80.87647426805422,0.2346386093800789,-0.003491718313079464,21.84184389715819,y = -0.003492x + 21.841844
25-35,2617.19,12.700008154203598,81.01527427450398,0.2323995577663139,-0.003785111002676896,22.60636281929954,y = -0.003785x + 22.606363
25-35,2656.25,12.552232213638709,84.56177815277451,0.23320303309210008,-0.0034498800822858025,21.71597618221037,y = -0.003450x + 21.715976
25-35,2695.31,12.425455616207302,79.30747011007679,0.23463610422723705,-0.0035023531533024794,21.865383093835007,y = -0.003502x + 21.865383
25-35,2734.38,12.275372941628053,76.63410458753476,0.23369737679155103,-0.0038017262358635475,22.67073712644862,y = -0.003802x + 22.670737
25-35,2773.44,12.134335319031859,79.58337061746191,0.23944611469396732,-0.003647154292332691,22.249498919559038,y = -0.003647x + 22.249499
25-35,2812.5,11.983510385284795,81.82417292520374,0.2465113419319632,-0.004026135576622684,23.307016694536095,y = -0.004026x + 23.307017
25-35,2851.56,11.823297922941386,84.5083381211704,0.25015540912211287,-0.00413750432978437,23.621639769581304,y = -0.004138x + 23.621640
25-35,2890.62,11.668047294388094,73.74809266549147,0.2519770420880768,-0.0036529631485333154,22.22737563080147,y = -0.003653x + 22.227376
25-35,2929.69,11.528628281499941,75.456882982177,0.2479886076369738,-0.003880102289715026,22.896125158655156,y = -0.003880x + 22.896125
25-35,2968.75,11.36176040227279,71.70789179197203,0.240303980066278,-0.004348406999214637,24.271093681191246,y = -0.004348x + 24.271094
25-35,3007.81,11.203264853109753,70.9189674119064,0.22554589631880168,-0.003715780342473044,22.379626125003597,y = -0.003716x + 22.379626
25-35,3046.88,11.066631860289998,76.43132606411113,0.21135679997578327,-0.0034532090771084503,21.588145533150193,y = -0.003453x + 21.588146
25-35,3085.94,10.929480622436381,79.31843764474455,0.200709917018754,-0.003496705563130579,21.72010418792356,y = -0.003497x + 21.720104
25-35,3125.0,10.796340800469876,81.3806323440758,0.19356100880176583,-0.0033196506842033714,21.17024918860541,y = -0.003320x + 21.170249
25-35,3164.06,10.67655756642155,85.06514780426971,0.1889081095735859,-0.00265042564896775,19.06266334529445,y = -0.002650x + 19.062663
25-35,3203.12,10.577439579604192,77.35953635155762,0.19127969110695076,-0.0028913364945558307,19.838737332045866,y = -0.002891x + 19.838737
25-35,3242.19,10.44417382047037,77.03698025971244,0.1994363344143349,-0.003629612548365607,22.212067328655856,y = -0.003630x + 22.212067
25-35,3281.25,10.304266008288906,77.15483878313587,0.2101001433177932,-0.0035686455408724723,22.013884189276705,y = -0.003569x + 22.013884
25-35,3320.31,10.161871843075671,77.56127851675875,0.22366556195350631,-0.0037779848115469397,22.705952592703092,y = -0.003778x + 22.705953
25-35,3359.38,10.009419012887008,84.54158364693738,0.23601759165143293,-0.00396206868130964,23.319513299504987,y = -0.003962x + 23.319513
25-35,3398.44,9.854817323154528,88.08734761679524,0.24645866997253152,-0.003954038937351462,23.29238140940723,y = -0.003954x + 23.292381
25-35,3437.5,9.70120161271943,82.60382525143514,0.24711672288915362,-0.0038943869492827333,23.088156750878824,y = -0.003894x + 23.088157
25-35,3476.56,9.547276722008446,84.23305804785758,0.24239556410569252,-0.004089043153849597,23.763080588955802,y = -0.004089x + 23.763081
25-35,3515.62,9.388366440914895,80.27001892094687,0.2329407260955146,-0.003776719375759612,22.6658766127229,y = -0.003777x + 22.665877
25-35,3554.69,9.248930893110886,81.14473126803254,0.22028243439049353,-0.003715908499197786,22.457833676124267,y = -0.003716x + 22.457834
25-35,3593.75,9.09822713991151,81.22327467525204,0.2126886291863242,-0.0036411585373587038,22.18364063354435,y = -0.003641x + 22.183641
25-35,3632.81,8.969768058165618,80.11460637391689,0.21012849136288708,-0.003160535304152964,20.45139231644555,y = -0.003161x + 20.451392
25-35,3671.88,8.845132619084339,75.73962741126141,0.20953786693731305,-0.0031531288542415467,20.42304339639679,y = -0.003153x + 20.423043
25-35,3710.94,8.726661079525131,79.219321089373,0.20846446398649462,-0.002896283657558878,19.474595955706675,y = -0.002896x + 19.474596
25-35,3750.0,8.605556864254133,80.03146880184026,0.20809902738827074,-0.00366233212460163,22.339302331510247,y = -0.003662x + 22.339302
25-35,3789.06,8.441028335861665,78.35080987616371,0.20663410841835295,-0.004392386589308573,25.084044665947204,y = -0.004392x + 25.084045
25-35,3828.12,8.277466307276661,78.77834645518448,0.20450497824406044,-0.003967089027954644,23.46395915697039,y = -0.003967x + 23.463959
25-35,3867.19,8.132623162471589,84.61390198976633,0.19955840264252042,-0.003423503587155706,21.371961999684263,y = -0.003424x + 21.371962
25-35,3906.25,8.00714195111914,85.51318992045233,0.1933678193970259,-0.0030982098302726217,20.10952410062157,y = -0.003098x + 20.109524
25-35,3945.31,7.884814378580703,85.4912068116439,0.18402466027693412,-0.003216589802267388,20.57525829136425,y = -0.003217x + 20.575258
25-35,3984.38,7.759572583749578,79.00011892632169,0.17129568021100444,-0.003047478440656675,19.901884733133222,y = -0.003047x + 19.901885
25-35,4023.44,7.64787401753065,82.27541893191162,0.16150555335095546,-0.0027891406985327107,18.8698142696351,y = -0.002789x + 18.869814
25-35,4062.5,7.533695893450842,86.42934373142994,0.15696541708064535,-0.003144398880322841,20.307816344762387,y = -0.003144x + 20.307816
25-35,4101.56,7.405454030668009,87.11101356545493,0.15928120706760218,-0.0032523103902096498,20.745000234736303,y = -0.003252x + 20.745000
25-35,4140.62,7.283604611655134,87.61788874121211,0.165805549323608,-0.00305459932809406,19.93153968154796,y = -0.003055x + 19.931540
25-35,4179.69,7.166389725700767,80.87901598434836,0.17634950859396267,-0.0028883010634895116,19.238592797757242,y = -0.002888x + 19.238593
25-35,4218.75,7.056479874968032,79.34941240792894,0.19032050006660178,-0.0028341450868028294,19.01302945991747,y = -0.002834x + 19.013029
25-35,4257.81,6.9352725996050735,84.20429066003057,0.20665642309772053,-0.0035260499330542583,21.948523265062825,y = -0.003526x + 21.948523
25-35,4296.88,6.784540533193621,77.0186413686496,0.22661321800708048,-0.003944822513653531,23.734969495661204,y = -0.003945x + 23.734969
25-35,4335.94,6.632200729347569,72.15100785264332,0.24753052085575694,-0.003969065750105917,23.84183167786182,y = -0.003969x + 23.841832
25-35,4375.0,6.473992615913537,71.74641838668761,0.27002287011855,-0.004030521035852383,24.107522147767714,y = -0.004031x + 24.107522
25-35,4414.06,6.317741058686889,72.8985028469461,0.293569194878536,-0.004060898544324587,24.24279088724828,y = -0.004061x + 24.242791
25-35,4453.12,6.15003103127972,77.36382215574137,0.3132021724774897,-0.004607726924623299,26.668791953858225,y = -0.004608x + 26.668792
25-35,4492.19,5.967299146072826,80.0360477915852,0.32758379231958334,-0.0044201618246430645,25.823505893116153,y = -0.004420x + 25.823506
25-35,4531.25,5.804349135880091,78.79763196353709,0.3383023777447394,-0.004257953116814335,25.098199196445048,y = -0.004258x + 25.098199
25-35,4570.31,5.62489320256339,78.13944313353255,0.345346398581653,-0.004846485271036073,27.77483330163227,y = -0.004846x + 27.774833
25-35,4609.38,5.433503137103266,84.33980955754289,0.3503060787928839,-0.004835096037591776,27.720298110858046,y = -0.004835x + 27.720298
25-35,4648.44,5.248814242677591,83.84588033238008,0.3489719222440987,-0.0046940350379293585,27.068754474389934,y = -0.004694x + 27.068754
25-35,4687.5,5.067501642165711,82.44183500526722,0.3411173869825217,-0.004499477707584458,26.15880339646786,y = -0.004499x + 26.158803
25-35,4726.56,4.897058144011752,79.23706982134037,0.33330549729833947,-0.004324651571505158,25.337783275825174,y = -0.004325x + 25.337783
25-35,4765.62,4.724225237264167,86.91570192053828,0.3213755664872916,-0.0045672312830112236,26.489913984208115,y = -0.004567x + 26.489914
25-35,4804.69,4.544810980995643,84.52301734611831,0.30947157697518785,-0.004457162630213074,25.960095698754095,y = -0.004457x + 25.960096
25-35,4843.75,4.382338897822769,77.66931539612575,0.30140039265248514,-0.003859067178415983,23.074695543275187,y = -0.003859x + 23.074696
25-35,4882.81,4.234021382137266,77.05327269967532,0.29542983578005716,-0.003976737539254585,23.651675206184947,y = -0.003977x + 23.651675
25-35,4921.88,4.070302385104511,75.19048124287836,0.28848907073071633,-0.004196594436757504,24.725436611492537,y = -0.004197x + 24.725437
25-35,4960.94,3.9104346644313557,81.99906083288542,0.28214983352137846,-0.004086665276721847,24.184135902331832,y = -0.004087x + 24.184136
25-35,5000.0,3.7474549819923606,83.80610008212761,0.279502678042928,-0.0042530119764895655,25.012514864440192,y = -0.004253x + 25.012515
25-35,5039.06,3.579783913565009,82.09768440500501,0.28050606221894886,-0.004296889802446089,25.232069441479,y = -0.004297x + 25.232069
25-35,5078.12,3.418657727241441,77.38329925440183,0.2818357473228973,-0.0038126741863005946,22.779874766178217,y = -0.003813x + 22.779875
25-35,5117.19,3.2769557634370687,77.53593854470792,0.2804247937764919,-0.0037084343078545605,22.253718719247345,y = -0.003708x + 22.253719
25-35,5156.25,3.119978481958457,79.67137123986836,0.2774811068682381,-0.004290926471402662,25.245068100128435,y = -0.004291x + 25.245068
35-45,0.0,10.982171218430919,413.261282225928,3.848114290323475,-0.03664002617535122,10.982171218430919,y = -0.036640x + 10.982171
35-45,39.06,9.63256398240636,68.81395689629562,4.47469153731566,-0.0324895169422525,10.901604514170742,y = -0.032490x + 10.901605
35-45,78.12,8.442119190653182,81.62061550069825,4.994147980398888,-0.028490387451778395,10.66778825838611,y = -0.028490x + 10.667788
35-45,117.19,7.404411195279575,87.14472419740194,5.3929666172764,-0.024662122493463,10.294565330288505,y = -0.024662x + 10.294565
35-45,156.25,6.513014348393747,90.78011952122095,5.666064143359474,-0.021004979829150512,9.795042446698513,y = -0.021005x + 9.795042
35-45,195.31,5.7615030021039,75.58513120976397,5.815558289117048,-0.017501383165025218,9.179698148064976,y = -0.017501x + 9.179698
35-45,234.38,5.143451508518238,69.05437639417575,3.9525107645827857,-0.014166934192529703,8.46389754456335,y = -0.014167x + 8.463898
35-45,273.44,4.652434219744963,74.11355029515242,2.5274255271861437,-0.011000249211949628,7.660342364260469,y = -0.011000x + 7.660342
35-45,312.5,4.28202548789228,69.75400020412413,1.4877908256621297,-0.007993821695920333,6.780094767867384,y = -0.007994x + 6.780095
35-45,351.56,4.025799665068389,64.18910033610447,0.783819979500489,-0.005153078034827867,5.837415778992474,y = -0.005153x + 5.837416
35-45,390.62,3.8773311033814997,70.71215300308519,0.3684513789457056,-0.0024763841763489735,4.8446562903469355,y = -0.002476x + 4.844656
35-45,429.69,3.8301941549398104,70.01113696173421,0.19734848499699956,3.574457002104858e-05,3.814835070647466,y = 0.000036x + 3.814835
35-45,468.75,3.877963171851527,74.62408762651668,0.22889982940832793,0.002383189352622882,2.760843162809551,y = 0.002383x + 2.760843
35-45,507.81,4.014212506224853,75.1640070140595,0.42421901468838624,0.004565011943069784,1.696053791414586,y = 0.004565x + 1.696054
35-45,546.88,4.232516510167986,72.26131380320058,0.7471447141006061,0.0065836421304019364,0.6320543018937745,y = 0.006584x + 0.632054
35-45,585.94,4.526449535789139,82.17406444336942,1.1642406716631553,0.008438698045072177,-0.41812119674045256,y = 0.008439x + -0.418121
35-45,625.0,4.889585935196508,89.85477936946442,1.6447957021489406,0.01012772736584717,-1.4402436684579731,y = 0.010128x + -1.440244
35-45,664.06,5.315500060498296,86.77496466871219,2.1608236910856062,0.011653351378571208,-2.4230244559556997,y = 0.011653x + -2.423024
35-45,703.12,5.797766263802714,80.78716253623094,2.68706359475553,0.013011580530482864,-3.350936238790398,y = 0.013012x + -3.350936
35-45,742.19,6.32995889721796,83.80387625413235,3.2009794401958316,0.014205126901496043,-4.21294423780339,y = 0.014205x + -4.212944
35-45,781.25,6.905652312852235,85.64218140009586,3.6827603251976226,0.015248686904507338,-5.007384331294123,y = 0.015249x + -5.007384
35-45,820.31,7.5184208628137466,85.01397693016074,3.9120554964845455,0.01607984634036625,-5.672037888652092,y = 0.016080x + -5.672038
35-45,859.38,8.1618388992107,80.63611948684652,4.05409366323852,0.016900495615551597,-6.362109022882031,y = 0.016900x + -6.362109
35-45,898.44,8.829480774151293,91.158474192946,4.227744413989939,0.017001490213859716,-6.4453380935888305,y = 0.017001x + -6.445338
35-45,937.5,9.514920839743729,87.51569508998858,4.392850524890072,0.019016887655970392,-8.313411337728516,y = 0.019017x + -8.313411
35-45,976.56,10.211733448095032,91.53948919924795,4.4834942653234675,0.013094759004328094,-2.5760844051716116,y = 0.013095x + -2.576084
35-45,1015.62,10.584844730343734,93.16038927648418,4.4535738646993925,0.010779490351295228,-0.3630212602387246,y = 0.010779x + -0.363021
35-45,1054.69,11.192332555662473,86.68454577004854,4.303873094791718,0.019088633712893564,-8.940258534989242,y = 0.019089x + -8.940259
35-45,1093.75,11.980485854717848,83.69320974618167,4.048096932522824,0.02004672268774367,-9.945617085001793,y = 0.020047x + -9.945617
35-45,1132.81,12.710880880652672,87.87505800136645,3.722696723266054,0.017356451341830476,-6.950680763886309,y = 0.017356x + -6.950681
35-45,1171.88,13.334507010349757,92.98672054863111,3.353376327686906,0.014511035616126423,-3.6706854074764763,y = 0.014511x + -3.670685
35-45,1210.94,13.854875535118092,84.54307513378414,2.961649088992245,0.012451173900343348,-1.2227489877636817,y = 0.012451x + -1.222749
35-45,1250.0,14.314454914039423,89.17588167084678,2.3710426361187693,0.01094908473408757,0.6280989964299604,y = 0.010949x + 0.628099
35-45,1289.06,14.714490475433749,83.40920081013066,1.7516034335377626,0.00977514002933233,2.1137484692226156,y = 0.009775x + 2.113748
35-45,1328.12,15.080624929215213,87.01883814573863,1.2597553252970033,0.008795978433974123,3.398510051485502,y = 0.008796x + 3.398510
35-45,1367.19,15.38936646356477,91.19116762957208,0.8885026923665095,0.006868863149790381,5.998325453802858,y = 0.006869x + 5.998325
35-45,1406.25,15.623395999907576,84.22405143417322,0.6043499152963958,0.0054096856121359504,8.016025607841396,y = 0.005410x + 8.016026
35-45,1445.31,15.811171940472466,78.65900495287325,0.38543010873733696,0.003889128419154099,10.190175744984856,y = 0.003889x + 10.190176
35-45,1484.38,15.933292033792798,73.17246340322771,0.22610263624164464,0.002833254709093837,11.727665408708088,y = 0.002833x + 11.727665
35-45,1523.44,16.040257989986586,73.52448978318722,0.11754076397997607,0.0023704324681776017,12.4290463506661,y = 0.002370x + 12.429046
35-45,1562.5,16.105331491085124,75.20121368267836,0.05380441370367297,0.0008984914007096666,14.70143867747627,y = 0.000898x + 14.701439
35-45,1601.56,16.114662846268715,82.9148444778285,0.02250276839870904,-0.0002497393703919424,16.514635432313632,y = -0.000250x + 16.514635
35-45,1640.62,16.09604045391554,85.20613163583594,0.01332953962376553,-0.0006131312439951113,17.101955835438797,y = -0.000613x + 17.101956
35-45,1679.69,16.067557362565797,90.16442459970878,0.02128041430866732,-0.000915096718346578,17.60463616940536,y = -0.000915x + 17.604636
35-45,1718.75,16.030256177941006,88.2197349561409,0.0424443638047244,-0.0007785432979954085,17.368377471370614,y = -0.000779x + 17.368377
35-45,1757.81,15.994307232325033,81.92730777878218,0.07342867532982678,-0.0015967001542467403,18.801002730461494,y = -0.001597x + 18.801003
35-45,1796.88,15.901285193320767,76.59728278907323,0.1090079740360497,-0.0027381230018134082,20.821363652819244,y = -0.002738x + 20.821364
35-45,1835.94,15.790085166140091,81.04209350622354,0.14990808353699803,-0.0031342198654100654,21.54432478584105,y = -0.003134x + 21.544325
35-45,1875.0,15.652443090441905,73.81971237136158,0.19636729100195377,-0.00383729422463053,22.847369761624147,y = -0.003837x + 22.847370
35-45,1914.06,15.494544383789453,79.7697720579185,0.24645586415370016,-0.004215588055625299,23.56343285753961,y = -0.004216x + 23.563433
35-45,1953.12,15.329510747693515,78.99752620257088,0.29487731538312045,-0.0041031448545882625,23.34344502608694,y = -0.004103x + 23.343445
35-45,1992.19,15.170259349020862,79.59364617108227,0.3364716719684431,-0.004275451519283191,23.687771111221643,y = -0.004275x + 23.687771
35-45,2031.25,14.990415184940154,79.90508205787624,0.3763804986521748,-0.00483623351417547,24.814014510609077,y = -0.004836x + 24.814015
35-45,2070.31,14.7952229948566,86.25185086423845,0.41483301184514315,-0.005184249920501894,25.528227447770874,y = -0.005184x + 25.528227
35-45,2109.38,14.589371673195888,83.608035390276,0.45034896033945176,-0.005224778622277966,25.610415203456583,y = -0.005225x + 25.610415
35-45,2148.44,14.387082153614486,78.97943315382297,0.4796577555258663,-0.005259767574664249,25.687377201726143,y = -0.005260x + 25.687377
35-45,2187.5,14.174338037099986,79.7831839437958,0.49073562133377785,-0.005612774435124934,26.45228211393578,y = -0.005613x + 26.452282
35-45,2226.56,13.948557158710921,89.93839677178417,0.48061963946483754,-0.005970009869441803,27.24114233361526,y = -0.005970x + 27.241142
35-45,2265.62,13.712657364831127,86.07883105316989,0.45887436701203893,-0.0059665311154381735,27.23054959059016,y = -0.005967x + 27.230550
35-45,2304.69,13.48564769303791,80.74995537236738,0.43304778501914865,-0.005713180542717408,26.652757758033296,y = -0.005713x + 26.652758
35-45,2343.75,13.276702983078476,80.76807649220642,0.3999926773529645,-0.004659713799115561,24.197907199755573,y = -0.004660x + 24.197907
35-45,2382.81,13.121355410087034,84.7945154039408,0.36362860119434304,-0.003627402275480517,21.764765826124766,y = -0.003627x + 21.764766
35-45,2421.88,12.976740130012761,89.02445898379314,0.3317112868138437,-0.003866460134575133,22.340842600737584,y = -0.003866x + 22.340843
35-45,2460.94,12.812972660760922,82.00222946813169,0.3066251777204828,-0.004589290829816978,24.106942035490718,y = -0.004589x + 24.106942
35-45,2500.0,12.633267344672248,73.41026889632967,0.2935880925803379,-0.004156774805796835,23.025204359164334,y = -0.004157x + 23.025204
35-45,2539.06,12.489662280004886,75.30006591764582,0.2963230687834687,-0.003615436425954006,21.669472291687665,y = -0.003615x + 21.669472
35-45,2578.12,12.334143015695407,77.6568313052483,0.3064085418983714,-0.004355698305812771,23.563655931877427,y = -0.004356x + 23.563656
35-45,2617.19,12.158137896666686,80.24373477790373,0.31534702055407837,-0.004420914798834094,23.72851189902729,y = -0.004421x + 23.728512
35-45,2656.25,11.992794627283478,73.43799510993412,0.3249727433345225,-0.004174335518809708,23.080873349121767,y = -0.004174x + 23.080873
35-45,2695.31,11.819373032230388,70.67258926502608,0.3372056354245999,-0.004900549918269378,25.02787423244102,y = -0.004901x + 25.027874
35-45,2734.38,11.621245781330046,69.34494219427017,0.3532911646590208,-0.004756179792676634,24.626448682829178,y = -0.004756x + 24.626449
35-45,2773.44,11.454357743095905,72.59245918664406,0.3640583930168345,-0.00410559966444098,22.840992076443097,y = -0.004106x + 22.840992
35-45,2812.5,11.283679358534553,73.92544681952624,0.3697328058850219,-0.004748182132930632,24.637941607401956,y = -0.004748x + 24.637942
35-45,2851.56,11.087151690863735,72.93683619913334,0.37530014079026514,-0.005104901621975697,25.644084960024752,y = -0.005105x + 25.644085
35-45,2890.62,10.891750209516498,77.2646377943567,0.3859452049178076,-0.004934296557204558,25.15492652370314,y = -0.004934x + 25.154927
35-45,2929.69,10.70159210854028,79.71522575655342,0.3980018444249748,-0.004767053894691975,24.667582233280413,y = -0.004767x + 24.667582
35-45,2968.75,10.519079027836323,79.11382797857752,0.41622941271089625,-0.004616694281085304,24.22489017480832,y = -0.004617x + 24.224890
35-45,3007.81,10.340382341614692,85.85284472651203,0.4271652347985276,-0.0045088546127324625,23.90216033433752,y = -0.004509x + 23.902160
35-45,3046.88,10.153592380347188,81.3950327782516,0.4351023637885734,-0.005415409518854943,26.653695335155938,y = -0.005415x + 26.653695
35-45,3085.94,9.925017327684634,81.95682039331021,0.4402281778056504,-0.005728165316724095,27.60179180517619,y = -0.005728x + 27.601792
35-45,3125.0,9.71322702665859,73.11801629512702,0.4455746397912847,-0.005494152999855149,26.882455151205928,y = -0.005494x + 26.882455
35-45,3164.06,9.498275385624847,86.7624210476954,0.4466501615110093,-0.005071101490290671,25.543544766993946,y = -0.005071x + 25.543545
35-45,3203.12,9.312235158213142,86.90056163061607,0.44233904317218986,-0.005019587616973714,25.390576645893983,y = -0.005020x + 25.390577
35-45,3242.19,9.104712451017084,86.2691678362423,0.4310653999790892,-0.005073826133237994,25.555020801939975,y = -0.005074x + 25.555021
35-45,3281.25,8.918817640262612,83.24280751567015,0.4159616894004011,-0.004897231109819161,24.987857219356734,y = -0.004897x + 24.987857
35-45,3320.31,8.718573693627382,79.12538017153207,0.4118780211427457,-0.004994604065711348,25.302207519049432,y = -0.004995x + 25.302208
35-45,3359.38,8.533733040384973,69.94839451835634,0.4125229239982642,-0.004697235424659605,24.31353178127796,y = -0.004697x + 24.313532
35-45,3398.44,8.346461528006458,74.9972915023278,0.4131026447857288,-0.004792914204110042,24.63489287582219,y = -0.004793x + 24.634893
35-45,3437.5,8.161460282225148,84.87925548822159,0.40647174949705456,-0.004723485497750085,24.398441680741065,y = -0.004723x + 24.398442
35-45,3476.56,7.9689601123459,84.9904407289054,0.39951299426270115,-0.00530710814133801,26.419439992195972,y = -0.005307x + 26.419440
35-45,3515.62,7.750935695031827,98.16940254115363,0.38755796505331996,-0.005578388172944208,27.362428723597944,y = -0.005578x + 27.362429
35-45,3554.69,7.546332193253782,90.98360926494104,0.373196129213827,-0.004835290692124761,24.73429166364275,y = -0.004835x + 24.734292
35-45,3593.75,7.371171034450657,82.15808969788802,0.35505692410242756,-0.0042441014387453145,22.62341057994163,y = -0.004244x + 22.623411
35-45,3632.81,7.206637296427168,74.15880568194842,0.3370075623794741,-0.0042785414044004735,22.749765295747252,y = -0.004279x + 22.749765
35-45,3671.88,7.036922467099227,74.28322987807724,0.31369620446734575,-0.004310287583745884,22.863781240104068,y = -0.004310x + 22.863781
35-45,3710.94,6.873722621123122,76.46539149341585,0.28759342760257833,-0.004046421560166055,21.88975024560574,y = -0.004046x + 21.889750
35-45,3750.0,6.719729325691757,83.20609811195833,0.2667534252154267,-0.0038660186031988977,21.21729908768762,y = -0.003866x + 21.217299
35-45,3789.06,6.564033839950309,79.25036610352186,0.2542824365502419,-0.004275124700833405,22.762737838890132,y = -0.004275x + 22.762738
35-45,3828.12,6.395274411650706,79.7911548071006,0.2462301213989825,-0.003953214854685033,21.528655261167575,y = -0.003953x + 21.528655
35-45,3867.19,6.260151079298916,82.02183307955741,0.24259609000479232,-0.0032492490383394922,18.825614467875017,y = -0.003249x + 18.825614
35-45,3906.25,6.132359962852352,81.03841116274336,0.2430173567742296,-0.003240274238567466,18.789681207256514,y = -0.003240x + 18.789681
35-45,3945.31,6.001356995627743,82.2505674874067,0.24775993290198786,-0.0036663117394316377,20.466093364324777,y = -0.003666x + 20.466093
35-45,3984.38,5.846649301229245,87.45000112841146,0.2554666882105797,-0.004035289861292897,21.92477751876744,y = -0.004035x + 21.924778
35-45,4023.44,5.688847086003549,78.55813190319172,0.2600642444207522,-0.004191748291828393,22.55409483327758,y = -0.004192x + 22.554095
35-45,4062.5,5.520885184261742,86.96806869262997,0.2590579146318389,-0.004218002452768668,22.656520148634456,y = -0.004218x + 22.656520
35-45,4101.56,5.360914630002321,84.89550137285107,0.25029104197151836,-0.004123066474764136,22.27191916023591,y = -0.004123x + 22.271919
35-45,4140.62,5.19327346032692,81.61608371802869,0.23310411323312877,-0.0044519224265788995,23.62699249826804,y = -0.004452x + 23.626992
35-45,4179.69,5.023054882329706,79.16154643631626,0.21124930603960562,-0.004015148268237765,21.80512994760041,y = -0.004015x + 21.805130
35-45,4218.75,4.890303744138595,72.21136025606751,0.19087486342872134,-0.0027535512366146345,16.506848023606583,y = -0.002754x + 16.506848
35-45,4257.81,4.795203062356461,77.2483567677102,0.1702487809522034,-0.00247078656819486,15.315342820282218,y = -0.002471x + 15.315343
35-45,4296.88,4.691911481573216,71.42697767111842,0.1488174998439633,-0.0025986728373725027,15.858096823022375,y = -0.002599x + 15.858097
35-45,4335.94,4.592929171668134,76.47386152155178,0.13073676176794333,-0.0026680532817242395,16.16144811802753,y = -0.002668x + 16.161448
35-45,4375.0,4.477161883620851,85.55407250987737,0.1194381424710979,-0.0032229387632546585,18.57751897285998,y = -0.003223x + 18.577519
35-45,4414.06,4.349994110851381,81.49123120849085,0.11713906861226646,-0.00309879848682009,18.02827655958447,y = -0.003099x + 18.028277
35-45,4453.12,4.247715916554806,87.79017245470858,0.11989652205351205,-0.002004445405136669,13.17375183907701,y = -0.002004x + 13.173752
35-45,4492.19,4.179332034700186,85.46874206695777,0.12455718007370523,-0.0019899533668204087,13.118580649597158,y = -0.001990x + 13.118581
35-45,4531.25,4.0828818319775975,87.28393399153792,0.12638462806006906,-0.0026946524920593217,16.293025936621397,y = -0.002695x + 16.293026
35-45,4570.31,3.9748268363944734,81.4410318157706,0.12820615830223128,-0.0029384411431075124,17.404413777150168,y = -0.002938x + 17.404414
35-45,4609.38,3.8550492649885655,74.76126340068164,0.1339730301446243,-0.0030478196393270945,17.90360815411009,y = -0.003048x + 17.903608
35-45,4648.44,3.7328906656998075,77.51002297775013,0.14251986328395755,-0.00344977108998315,19.76894459122108,y = -0.003450x + 19.768945
35-45,4687.5,3.5988815148696798,77.81897927525343,0.15052584458129076,-0.0028280384061846317,16.85531154386014,y = -0.002828x + 16.855312
35-45,4726.56,3.509421504450428,83.05861321671522,0.15252978272079765,-0.0024016053351536924,14.860753217374464,y = -0.002402x + 14.860753
35-45,4765.62,3.3920172597336866,72.32321982931666,0.15198106306561862,-0.003453731891909842,19.851191038457067,y = -0.003454x + 19.851191
35-45,4804.69,3.255514054678096,70.27698746101058,0.1505382774302071,-0.0032820491893638757,19.024742974322812,y = -0.003282x + 19.024743
35-45,4843.75,3.13813291354241,65.6598799169075,0.14982606653734928,-0.0029148350318653985,17.256865099140434,y = -0.002915x + 17.256865
35-45,4882.81,3.0241017916597075,68.67404239415046,0.15001334903627456,-0.002832209993342422,16.85324506925202,y = -0.002832x + 16.853245
45-55,0.0,12.490027636276245,192.89201401260755,5.208029633687341,-0.042286535764405185,12.490027636276245,y = -0.042287x + 12.490028
45-55,39.06,10.930331666935428,58.05688221250147,6.0809430655288255,-0.03760346195450343,12.399122890878333,y = -0.037603x + 12.399123
45-55,78.12,9.550222443952569,77.89639081389177,6.817301158229737,-0.033091105843362785,12.13529963243607,y = -0.033091x + 12.135300
45-55,117.19,8.342434288890509,81.79411521444564,7.397639098797917,-0.028772177802598366,11.714245805577011,y = -0.028772x + 11.714246
45-55,156.25,7.299701523312091,81.30065932897371,7.813380154743054,-0.02464697033590066,11.15079063829657,y = -0.024647x + 11.150791
45-55,195.31,6.414758468780163,75.41602136944735,8.0652642900617,-0.020694919356897816,10.456683168375875,y = -0.020695x + 10.456683
45-55,234.38,5.6803394468575705,54.23310633321547,5.574512125914898,-0.016934376698958625,9.649418657559494,y = -0.016934x + 9.649419
45-55,273.44,5.08917877910716,64.50608985654529,3.647015497245372,-0.013363704399170605,8.743350110016369,y = -0.013364x + 8.743350
45-55,312.5,4.634010787091775,61.048787505891326,2.2158191138969707,-0.00997399001816812,7.750882667769313,y = -0.009974x + 7.750883
45-55,351.56,4.307569792374258,65.28037995758216,1.2174518312015845,-0.006771747719624024,6.68824542068528,y = -0.006772x + 6.688245
45-55,390.62,4.102590116517458,66.823165349947,0.5919266499791462,-0.003754738809504515,5.569266190286112,y = -0.003755x + 5.569266
45-55,429.69,4.01180608108422,72.61960889154004,0.2827407165376282,-0.0009239935945457871,4.4088368887246,y = -0.000924x + 4.408837
45-55,468.75,4.027952007637394,78.72765026511136,0.2368753226730437,0.001720274378376224,3.221573392773539,y = 0.001720x + 3.221573
45-55,507.81,4.143762217739819,72.43454944326616,0.4047959056694472,0.004177776008506263,2.0222457828602534,y = 0.004178x + 2.022246
45-55,546.88,4.351971032954339,72.80261786850481,0.7404520482989335,0.0064504800603730865,0.824332497537505,y = 0.006450x + 0.824332
45-55,585.94,4.645312774843805,65.82068289737244,1.2012774788216365,0.008538038223406496,-0.35746534177899836,y = 0.008538x + -0.357465
45-55,625.0,5.016521764971059,78.30858822611052,1.7481900709857332,0.010438129873706129,-1.5073094060952714,y = 0.010438x + -1.507309
45-55,664.06,5.458332324898952,89.82978246435721,2.3455918440274446,0.0121533401354669,-2.6122147254591974,y = 0.012153x + -2.612215
45-55,703.12,5.963478776190321,89.19944590108399,2.961368962671025,0.013679462827073071,-3.6548251267812972,y = 0.013679x + -3.654825
45-55,742.19,6.524695440408019,79.07447839489808,3.566891737128773,0.015019522061494425,-4.622643638412528,y = 0.015020x + -4.622644
45-55,781.25,7.134716639114882,78.53806915576764,4.137014623100225,0.016188401536374172,-5.51247206117744,y = 0.016188x + -5.512472
45-55,820.31,7.786276693873765,91.51031850182632,4.424567591347665,0.017122513380239894,-6.259492257070821,y = 0.017123x + -6.259492
45-55,859.38,8.472109926247516,98.68304404825028,4.579512736452858,0.018026341114014535,-7.019367100314296,y = 0.018026x + -7.019367
45-55,898.44,9.184950657798964,101.65853187669371,4.725967319750806,0.018183806874263533,-7.152108790314365,y = 0.018184x + -7.152109
45-55,937.5,9.917533210090967,91.8898458789914,4.845340921237601,0.020254044587353214,-9.070633590552669,y = 0.020254x + -9.070634
45-55,976.56,10.662591904685165,91.26987201013318,4.873705804419766,0.014290125904296215,-3.2925734484143465,y = 0.014290x + -3.292573
45-55,1015.62,11.071171487461621,85.71662903116534,4.7816187166898185,0.0111905422233155,-0.2941670053820662,y = 0.011191x + -0.294167
45-55,1054.69,11.674637477631205,79.55945818899491,4.59064472609713,0.018664562422747093,-8.01068986401593,y = 0.018665x + -8.010690
45-55,1093.75,12.450500804093771,87.03545271002704,4.303027645677911,0.020079175191574913,-9.511097061691292,y = 0.020079x + -9.511097
45-55,1132.81,13.193965435229163,74.15053024625897,3.939241131781317,0.01771059223322327,-6.868770552488488,y = 0.017711x + -6.868771
45-55,1171.88,13.827719314139149,76.26789719571102,3.553649125181905,0.014843558650115572,-3.5671501967582913,y = 0.014844x + -3.567150
45-55,1210.94,14.373642664611339,78.88214926799809,3.153624222902338,0.013507400749212719,-1.9830091986403104,y = 0.013507x + -1.983009
45-55,1250.0,14.88349679494266,84.6841809782609,2.5575873968808254,0.012215738568357438,-0.3861764155041367,y = 0.012216x + -0.386176
45-55,1289.06,15.313482751589424,90.9045158551314,1.9305581402205074,0.009813983454937138,2.6626692391681566,y = 0.009814x + 2.662669
45-55,1328.12,15.67192258035107,79.56329773477081,1.4138656024871572,0.009083303449713474,3.6082056027176126,y = 0.009083x + 3.608206
45-55,1367.19,16.011019955150008,82.082795901084,1.0109043998100067,0.007420307287794983,5.866050034349584,y = 0.007420x + 5.866050
45-55,1406.25,16.243230650748973,76.14569950954406,0.6915872337178406,0.005107528387359047,9.060768856025314,y = 0.005108x + 9.060769
45-55,1445.31,16.435278941763475,82.94123568546007,0.44020758092709367,0.0047347547859231155,9.592090502120936,y = 0.004735x + 9.592091
45-55,1484.38,16.608163265304192,72.59625379109228,0.25960546742557644,0.003978716835082407,10.702235569644568,y = 0.003979x + 10.702236
45-55,1523.44,16.73547804027076,81.6790862775421,0.13807426921167984,0.002403596500295191,13.073742987861053,y = 0.002404x + 13.073743
45-55,1562.5,16.79622279100124,91.69524341787438,0.06422225521916163,0.0008507931466131444,15.466858499418203,y = 0.000851x + 15.466858
45-55,1601.56,16.808151940019336,92.59338245110172,0.03475588025003676,-0.00022505635644248,17.168593198243354,y = -0.000225x + 17.168593
45-55,1640.62,16.777191102854278,85.82044293625546,0.03582199507918922,-0.0014122949210708584,19.09423039626155,y = -0.001412x + 19.094230
45-55,1679.69,16.707192235382777,83.28696401702604,0.06547713945832989,-0.0018784175200030305,19.86235135955667,y = -0.001878x + 19.862351
45-55,1718.75,16.629335885295575,89.34030695622722,0.11386595126849916,-0.0024286137721236355,20.803515806133074,y = -0.002429x + 20.803516
45-55,1757.81,16.516772973338362,77.71765008984325,0.17219338972910564,-0.0030322627251749296,21.846914714278107,y = -0.003032x + 21.846915
45-55,1796.88,16.39396135812625,77.70698972693535,0.23122146797849058,-0.003517880712494912,22.71517085279411,y = -0.003518x + 22.715171
45-55,1835.94,16.22874493193315,71.22201500677508,0.2869351064853637,-0.005015932816937522,25.437696627861424,y = -0.005016x + 25.437697
45-55,1875.0,16.019810414730067,76.79323589607635,0.3343433649551869,-0.005155019617003852,25.685472196612288,y = -0.005155x + 25.685472
45-55,1914.06,15.830208611744744,80.07708956786848,0.3693044970259147,-0.004973537116614378,25.349857065171662,y = -0.004974x + 25.349857
45-55,1953.12,15.627149199300536,75.30410258483566,0.3960692943039369,-0.005109143393461279,25.60591934393763,y = -0.005109x + 25.605919
45-55,1992.19,15.43461256200414,74.49501183869445,0.41797545210672027,-0.004969929013604584,25.335655443617057,y = -0.004970x + 25.335655
45-55,2031.25,15.235220956305275,69.31700133586662,0.432887187274272,-0.005109439036944471,25.613769000098735,y = -0.005109x + 25.613769
45-55,2070.31,15.046151894718403,72.15480013255568,0.446593161491969,-0.00442800357024107,24.213491966224193,y = -0.004428x + 24.213492
45-55,2109.38,14.875272826109848,80.26464728850011,0.4656484270613944,-0.004821115563943453,25.04483757438089,y = -0.004821x + 25.044838
45-55,2148.44,14.662552719199175,71.76132651260755,0.48252552841450297,-0.005746720211114982,27.009036289567046,y = -0.005747x + 27.009036
45-55,2187.5,14.438043443790932,71.10168883586665,0.5000552632637965,-0.00577336936109857,27.067288921194056,y = -0.005773x + 27.067289
45-55,2226.56,14.210469772813134,69.49373758984329,0.5117556964948574,-0.005881994847258806,27.307084219925702,y = -0.005882x + 27.307084
45-55,2265.62,13.980106004664385,79.18325381907621,0.514388858643107,-0.005870497572949609,27.28042271589048,y = -0.005870x + 27.280423
45-55,2304.69,13.755573852180781,82.33091448538939,0.5044410738334831,-0.005569861637793407,26.59237827018687,y = -0.005570x + 26.592378
45-55,2343.75,13.541700151757238,87.14297978231411,0.47932654783442513,-0.005517307446237345,26.472889478876013,y = -0.005517x + 26.472889
45-55,2382.81,13.325030918026037,89.61134756097559,0.4425176714803613,-0.005428722260417348,26.2606446073711,y = -0.005429x + 26.260645
45-55,2421.88,13.123717184985674,85.78108886532337,0.40171579716448436,-0.004867060709973193,24.911154177255554,y = -0.004867x + 24.911154
45-55,2460.94,12.943861922125832,74.99202606044538,0.36965217597548194,-0.004374654417282478,23.70962396379297,y = -0.004375x + 23.709624
45-55,2500.0,12.773257604927274,81.30315236096384,0.34943118788783395,-0.004551340058561781,24.151607751331728,y = -0.004551x + 24.151608
45-55,2539.06,12.596839792519317,85.84301848415227,0.3401940342222224,-0.00407299069459296,22.938407545532517,y = -0.004073x + 22.938408
45-55,2578.12,12.45890733651806,78.98671022004237,0.3413079822123718,-0.0033003429702259867,20.96758755491708,y = -0.003300x + 20.967588
45-55,2617.19,12.31528188633801,78.05454262990459,0.3517468681581332,-0.0043478247648129536,23.69436538255882,y = -0.004348x + 23.694365
45-55,2656.25,12.12120048019066,94.67415308118304,0.36370549459411833,-0.005243328786898897,26.048792570390855,y = -0.005243x + 26.048793
45-55,2695.31,11.918880155834536,107.19954574201716,0.377617403002917,-0.005124461508749151,25.73089250498121,y = -0.005124x + 25.730893
45-55,2734.38,11.718029853449451,87.47890393690355,0.3957685070063575,-0.005220374748981312,25.99251815956897,y = -0.005220x + 25.992518
45-55,2773.44,11.511266393348452,88.98226477995765,0.4174821093972014,-0.005296868280783251,26.201812758003953,y = -0.005297x + 26.201813
45-55,2812.5,11.314115382000542,85.7586669995287,0.43844198814549584,-0.0046147689826404855,24.293153145676907,y = -0.004615x + 24.293153
45-55,2851.56,11.144159324105704,82.09779297160368,0.45360545055496926,-0.0044396832266537295,23.80418242590241,y = -0.004440x + 23.804182
45-55,2890.62,10.95363451040666,85.95313964445623,0.4737751997185041,-0.005313200998139655,26.312079579649108,y = -0.005313x + 26.312080
45-55,2929.69,10.739052979681189,82.71624987333564,0.49572661071341795,-0.005417342219169162,26.610186305758894,y = -0.005417x + 26.610186
45-55,2968.75,10.526688033702822,80.56618527895604,0.5130990779408094,-0.005804715733140617,27.75943786646403,y = -0.005805x + 27.759438
45-55,3007.81,10.287380914628807,76.33752152704136,0.5308045029178242,-0.006054429644918324,28.49795494491059,y = -0.006054x + 28.497955
45-55,3046.88,10.057715690048436,73.45066847531511,0.5444270339996937,-0.005992551499016505,28.316301001371844,y = -0.005993x + 28.316301
45-55,3085.94,9.8167081927099,78.52783176181215,0.5406236630286285,-0.006120931742030662,28.705536292712,y = -0.006121x + 28.705536
45-55,3125.0,9.59113637907882,91.43093397401911,0.5206631367901461,-0.005359306092739046,26.338967918888336,y = -0.005359x + 26.338968
45-55,3164.06,9.388315703638856,94.62435585896071,0.49544520924878277,-0.005344492817200958,26.29861164683172,y = -0.005344x + 26.298612
45-55,3203.12,9.169352420212299,111.72089032343574,0.45803380432862567,-0.005657803964610932,27.291977455336866,y = -0.005658x + 27.291977
45-55,3242.19,8.957137194499397,97.4703814554613,0.4184279290864669,-0.005136788788994637,25.611582438289922,y = -0.005137x + 25.611582
45-55,3281.25,8.770893564972136,89.73824837545654,0.38163308205139684,-0.004394374736366573,23.189935668674956,y = -0.004394x + 23.189936
45-55,3320.31,8.600551541370265,85.01482796188292,0.3573939932859898,-0.00467324322783802,24.117167763193123,y = -0.004673x + 24.117168
45-55,3359.38,8.413400077010959,86.28275599151641,0.3402861999347152,-0.004366062019091689,23.080661502707194,y = -0.004366x + 23.080662
45-55,3398.44,8.265854039728133,92.40206507305302,0.3294044513218887,-0.0035649959360054273,20.381278828486415,y = -0.003565x + 20.381279
45-55,3437.5,8.119825590612654,90.58431874337228,0.327975717615829,-0.0039219178619481175,21.601418241059307,y = -0.003922x + 21.601418
45-55,3476.56,7.953244694103132,96.58569467126199,0.3324264015248884,-0.004757266996002539,24.492168841725714,y = -0.004757x + 24.492169
45-55,3515.62,7.758797481255749,100.00948539236484,0.3347031569102065,-0.004777747591592269,24.555542469209364,y = -0.004778x + 24.555542
45-55,3554.69,7.58200321638001,95.16092915488395,0.32925268411797837,-0.004641596673318793,24.08144049505959,y = -0.004642x + 24.081440
45-55,3593.75,7.389790029218372,99.86028573406398,0.32030106036409434,-0.004994100748827555,25.3373395953174,y = -0.004994x + 25.337340
45-55,3632.81,7.200931164917959,98.54212790444218,0.3011472537125545,-0.0046502070488865154,24.09424983418338,y = -0.004650x + 24.094250
45-55,3671.88,7.028536093681939,82.60324733710385,0.2695395414892128,-0.00414781402421577,22.25881145291934,y = -0.004148x + 22.258811
45-55,3710.94,6.878459308250799,81.90606239395545,0.23728974210837456,-0.0035224969438793514,19.95023411717044,y = -0.003522x + 19.950234
45-55,3750.0,6.750015628892281,77.34469889978791,0.21260713424727537,-0.003153938967521617,18.577286757098346,y = -0.003154x + 18.577287
45-55,3789.06,6.627218963056151,71.19991111405679,0.19115599418837087,-0.003158240672566342,18.593982365850376,y = -0.003158x + 18.593982
45-55,3828.12,6.51204421391122,86.33232923441733,0.1744591829936033,-0.002490472764721613,16.04587281399732,y = -0.002490x + 16.045873
45-55,3867.19,6.421050533420168,87.05428265435374,0.1629960723760421,-0.002713009261457541,16.912772819236157,y = -0.002713x + 16.912773
45-55,3906.25,6.2897834605533,87.7993077913279,0.1551880091247073,-0.0037266577046624052,20.84704011939082,y = -0.003727x + 20.847040
45-55,3945.31,6.145459013793482,81.28723140391189,0.14772669336883443,-0.0035471433013588302,20.14003895207749,y = -0.003547x + 20.140039
45-55,3984.38,6.017474687987702,94.04797716065751,0.1415300142589528,-0.0029969729667414765,17.958553837213106,y = -0.002997x + 17.958554
45-55,4023.44,5.908384787876728,97.65521269588771,0.13648767623779076,-0.0026708415133859663,16.65435536649436,y = -0.002671x + 16.654355
45-55,4062.5,5.805089809508033,97.40234288765174,0.12828176402108166,-0.0026318636279226825,16.49703579794393,y = -0.002632x + 16.497036
45-55,4101.56,5.707474914493434,87.94564637386593,0.11217408019741142,-0.002232569826174568,14.864494010737996,y = -0.002233x + 14.864494
45-55,4140.62,5.623753199392308,96.47973181041598,0.09590206626044649,-0.0023654000870199643,15.417976107708911,y = -0.002365x + 15.417976
45-55,4179.69,5.51680423112577,87.41080252886766,0.08464571484968794,-0.0029480366295131467,17.838683451135573,y = -0.002948x + 17.838683
45-55,4218.75,5.407727468345198,86.79058902439024,0.07815869185058535,-0.002432201619905674,15.66857805232226,y = -0.002432x + 15.668578
45-55,4257.81,5.333121928015868,88.42787176564163,0.073862610233076,-0.0014308606627458293,11.425454766461687,y = -0.001431x + 11.425455
45-55,4296.88,5.286077600851044,87.58679245021798,0.07241171169738506,-0.001186850374978939,10.385831240090548,y = -0.001187x + 10.385831
45-55,4335.94,5.22926861310501,86.44387511930009,0.07507400036525794,-0.001797307310953059,13.022285274958815,y = -0.001797x + 13.022285
45-55,4375.0,5.145387437993467,87.7099036953576,0.080570203290108,-0.0024296164532192866,15.774959420827846,y = -0.002430x + 15.774959
45-55,4414.06,5.048808806540897,92.13241961087547,0.09086718273453971,-0.0023444270731060816,15.397250572855528,y = -0.002344x + 15.397251
45-55,4453.12,4.962266189494088,84.81921351331448,0.10426286160780678,-0.002257287274278042,15.01423729632712,y = -0.002257x + 15.014237
45-55,4492.19,4.864007338784004,91.15523423176629,0.11781845009506571,-0.0028180990455294844,17.5234436901211,y = -0.002818x + 17.523444
45-55,4531.25,4.745526059479843,90.11364408801697,0.1286861028907091,-0.0031151815559302097,18.861192484788607,y = -0.003115x + 18.861192
45-55,4570.31,4.623597136967456,85.89833063950746,0.13604072450502186,-0.003185859970115618,19.183964816986567,y = -0.003186x + 19.183965
45-55,4609.38,4.500863892726379,76.622823130965,0.14442843918451528,-0.002930191610562191,18.00723049861953,y = -0.002930x + 18.007230
45-55,4648.44,4.394612562005423,88.9916672690586,0.15715326763601775,-0.002678005083041686,16.843158510219716,y = -0.002678x + 16.843159
45-55,4687.5,4.2847321570132495,94.36235558206671,0.16641203964078918,-0.0029577677587402772,18.149268526108298,y = -0.002958x + 18.149269
45-55,4726.56,4.166920202042596,95.24356579769064,0.17107658074639814,-0.00297881635226025,18.246474419981805,y = -0.002979x + 18.246474
45-55,4765.62,4.049502140478361,92.28001604954629,0.17455770448445346,-0.00319378837867722,19.269883913670096,y = -0.003194x + 19.269884
45-55,4804.69,3.908203356813969,80.61005250530222,0.1781609685126221,-0.004113888759842841,23.674163542343265,y = -0.004114x + 23.674164
45-55,4843.75,3.74396543523026,79.2836936299635,0.17990184340096055,-0.0038147461024453785,22.221641868950066,y = -0.003815x + 22.221642
45-55,4882.81,3.618337221680703,73.29310489719578,0.17714072228341488,-0.002890270849827443,17.73098062992664,y = -0.002890x + 17.730981
45-55,4921.88,3.505476001721035,78.38232024125135,0.17085184629184097,-0.0029391263485999608,17.97150319436821,y = -0.002939x + 17.971503
45-55,4960.94,3.385559129311708,79.52329406739722,0.16133523850947412,-0.003229533036984549,19.407078753809834,y = -0.003230x + 19.407079
45-55,5000.0,3.2589915966382748,70.12373405502527,0.14851973018493844,-0.0030739554115079342,18.628768654177946,y = -0.003074x + 18.628769
45-55,5039.06,3.14823869170273,82.54650453045832,0.1359671530416145,-0.00270202147742733,16.763887037747693,y = -0.002702x + 16.763887
45-55,5078.12,3.0418242768802095,76.97837535937315,0.13049052238618739,-0.0027974763253315886,17.247744754073054,y = -0.002797x + 17.247745
